PCA_0,PCA_1,PCA_2,PCA_3,PCA_4,PCA_5,PCA_6,PCA_7
-6747.826395704801,-49.58343422460891,1514.3441898331594,-133.8921641127035,-147.29827267209845,190.4244932454966,-131.39054097043314,-241.90473053128392
15173.298102219045,57.76044521868651,-396.8931074207743,-539.5842298123603,401.4337123360475,873.6034709267293,579.647634661562,-576.0443455861506
-14261.808929618184,3028.8391171328044,1325.3907480763517,-139.81075596530712,1012.8781269551782,-437.8955589746623,396.6601714783335,-634.2211300241813
9291.773333271462,476.669862650089,969.9713428435607,-714.821533474469,-1061.9549870480039,594.8829899358007,-777.1197320601153,-201.35744276030215
-6747.826464977953,-49.583318830040334,1514.3440981854967,-133.8922222673439,-147.29842788666286,190.424681810441,-131.39053870985848,-241.9043302649486
15173.298032945828,57.7605606132524,-396.8931990684483,-539.584287966999,401.4335571214855,873.6036594916715,579.6476369221443,-576.0439453198131
2026.0692986983345,488.7325745688261,1555.562625072057,-704.0554019882198,1059.1151338953207,-659.1488483339737,1184.7778164715198,211.84088192510566
-8207.797332189642,-1068.2987118744957,2153.0255251060316,-1270.8856103657095,441.98575034502807,-306.25662473347865,404.2331979356812,-72.27071721680416
2026.0692384172137,488.73267527648073,1555.5625453992013,-704.0554534602196,1059.1149987757815,-659.1486841581218,1184.7778177226337,211.84123062534147
-8207.797422341855,-1068.2985623780091,2153.0254056536874,-1270.8856840369683,441.98554847125763,-306.2563795388101,404.23320254014294,-72.27019721771397
-14261.808969020309,3028.8391837385293,1325.390696208166,-139.81079192069015,1012.8780384948519,-437.8954514285249,396.6601703855701,-634.220901056693
-10381.463636312696,1699.6178716425204,584.1545646830638,937.6755482655351,1204.424072893411,1107.8918851787412,48.79979406939061,-466.83042288258565
-8281.608649307136,152.60601895195225,1950.9886215727902,-358.79243958565974,237.15581428664044,184.75372336608152,-343.8987440916175,-522.8948556418984
27152.673278981794,-1905.2027832728777,-2483.3536861215916,3788.987634842298,3979.4713577872285,-1134.2392421859815,-88.72977721891853,-382.18662609324605
9460.167438174967,1316.8712929247922,2550.9222500648702,-118.29952187295143,-404.6977157659524,457.532506435394,-339.03781080314894,-152.82824561951182
18789.444646132335,2647.893064649653,2828.3622380902702,-662.9891797118445,-187.25667314439497,500.1534409322186,-374.381397281824,87.52927143999831
-9591.054972033086,1220.2446536546697,787.348668233408,462.23326674603385,1096.98242907485,1391.912884575447,11.912755335361723,90.68174134063435
4795.80896716489,651.6209622812692,2411.9202146422786,153.64753122153107,-513.4901184690956,436.2691528427848,-321.5142599631796,-273.2162431280667
9460.167377893848,1316.871393632446,2550.9221703920152,-118.29957334495225,-404.69785088548844,457.53267061125007,-339.03780955202757,-152.82789691927042
-10381.463675714822,1699.6179382482424,584.1545128148812,937.6755123101516,1204.4239844330823,1107.8919927248794,48.79979297662544,-466.830193915103
11773.839175205181,-15931.645626828102,1889.1581208515347,-4300.791205115205,734.9044940726836,2464.220867223491,3274.120675933077,632.81993631969
-9591.055032314203,1220.244754362325,787.3485885605552,462.23321527403226,1096.9822939553137,1391.913048751303,11.91275658648238,90.68209004087538
11773.839094875626,-15931.645508637625,1889.1580780828504,-4300.79120990027,734.9044547670509,2464.221139644287,3274.1206309822237,632.820197397234
-113.70847402121973,-2907.1401542283775,-3316.869924761933,-387.494509486788,-899.605654477227,-736.6999961210856,-539.0177684432504,-775.0158878907379
27152.673360141907,-1905.2029180824607,-2483.3535786440616,3788.98770183091,3979.4715395659728,-1134.2394629915536,-88.72978081392222,-382.18709452624665
5536.329059231659,-847.3993699182519,-1721.935399626763,436.31962929163194,273.3133776778014,515.9697982318482,-335.7542414260432,-731.6038589727152
5536.328998950538,-847.3992692105967,-1721.9354792996178,436.3195778196315,273.3132425582643,515.9699624077034,-335.75424017492384,-731.6035102724738
4795.808903988962,651.6210677170508,2411.920131114391,153.64747759820034,-513.4902600577867,436.2693248701721,-321.5142583870876,-273.2158778272501
-8281.60870958826,152.60611965960643,1950.988541899935,-358.7924910576603,237.1556791671039,184.75388754193642,-343.8987428404977,-522.8945069416563
-113.70852767547743,-2907.1400643444695,-3316.869995609757,-387.49455603391107,-899.6057747874228,-736.6998499191525,-539.0177679360669,-775.0155771929295
18789.444580591164,2647.8931739485906,2828.362151412603,-662.9892350929426,-187.25682001876882,500.1536193747825,-374.3813954402072,87.5296503044679
-8879.249789570964,222.1239270006565,7.551448026027704,-302.93201724847364,416.6611439277897,614.2353484647983,-273.1157592035205,-595.1179645538972
13993.873745042481,1927.3401744624152,2330.752563029735,-269.51314788106964,-83.67104209179058,279.3543303468481,-125.33892612473397,103.98879880387875
2180.2307441124317,445.31953657744907,670.9251414615312,363.47148517587607,1798.3729009062483,-992.7951226310847,498.6427053717321,-63.110539932059915
2180.2308043935523,445.3194358697944,670.9252211343868,363.4715366478767,1798.3730360257857,-992.7952868069401,498.6427041206125,-63.11088863230134
14739.978346881646,-5625.65555302757,1287.5612710615358,2876.858343841751,-1799.8476178475603,1340.872243726079,-47.10851417791214,-103.86815948848603
9329.335705459693,1261.783056067223,2191.8369843040223,2.692556383851669,-192.10011061153722,257.68421583117504,-107.6368490382053,-15.768999986588303
14739.97828660052,-5625.655452319914,1287.5611913886833,2876.8582923697513,-1799.847752967097,1340.8724079019353,-47.10851292678995,-103.86781078824316
-11622.280671570215,1245.9190236208608,1488.4303004680464,-580.8218238106324,959.1927369290823,38.25961074290679,700.0697389531504,-421.06774683007535
3793.7812801981095,702.1969005551047,-4020.4309424492517,-1067.474391022948,1630.4913864627235,2063.7211429434155,-31.229251443238088,243.30327590036188
9329.33564807338,1261.7831520467507,2191.836908486198,2.6925070631820516,-192.10023926191948,257.68437215549596,-107.6368481120573,-15.768667886920475
-11622.280686361291,1245.9190500290401,1488.4302813745282,-580.8218414758518,959.1927034681546,38.25965153693655,700.0697350975394,-421.0676589972113
-8879.249750168852,222.1238603949307,7.551499894225796,-302.93198129309087,416.66123238811815,614.2352409186643,-273.1157581107552,-595.1181935213817
3793.781205664857,702.1970245409472,-4020.4310411017473,-1067.4744530866876,1630.491219493321,2063.7213457750677,-31.229248592167572,243.30370633092593
6617.649554669962,905.2649021983457,1921.0387074951902,-73.04677302690902,-407.6354053055166,408.46965650186405,-292.8603920960491,-9.224333048339656
-4349.969474429923,-703.8251339662648,-2921.512688982202,-1220.8842813757499,-130.50159556535561,-479.5031003006062,9.894292765195164,-411.0853379823485
-9785.614591974392,663.179997260042,2477.6815001622126,-520.0506788767112,471.5769152441857,128.69746724950593,-86.78283680255736,-402.6550429826361
6617.64951320359,905.2649569130815,1921.0387164808158,-73.04674893007206,-407.6353577618815,408.46982351476476,-292.86044140969074,-9.224294835740126
-9785.614640368609,663.1800785526683,2477.681436319207,-520.050721514738,471.57680668883086,128.6975991847346,-86.78283688586569,-402.65476244905994
-6492.90837404549,1485.8738968418093,-626.6096320677373,552.3530922559045,500.5366211334949,-362.4649343737518,-31.408400676489318,444.2000090380548
6259.021552210505,1643.1064687802905,-3422.0189986708874,-2038.6110068426144,-248.99044824741904,-596.3232794871778,254.3185211397065,-840.8622033258241
-13259.192608609745,2295.907851779037,1069.3984072783194,-385.93201263025065,964.0036311868118,-191.63737589442187,494.67737280340884,-308.4385126182076
27953.075019664113,3400.385108186918,2028.3432845628577,-3456.3319822688873,625.5498530807163,-628.048960725221,144.47999183000076,752.0278523524233
-13259.192566312815,2295.907780445186,1069.3984630015354,-385.9319745235364,964.0037261162926,-191.63749129209234,494.6773735712005,-308.4387581862652
-8043.903554134132,2480.2051704252654,-1258.2536172992552,1185.0213929569952,-318.20567521248563,1638.7166202393119,-219.34394355508016,1403.5820190319112
-4638.726913697658,-2002.3416885012707,3392.746257544578,34.98575203922145,523.8558523342499,-315.5581569948302,-640.2732812326503,179.27066819625514
27953.074970439342,3400.3852060986587,2028.3431560110118,-3456.3320871104643,625.5496020522443,-628.0488804052218,144.48004029254292,752.0283402414581
-4349.969395334053,-703.825280666838,-2921.5125206508656,-1220.8841543349126,-130.50127778264758,-479.50326163941537,9.894240949313224,-411.08599717023327
9762.862773266563,3443.0297828861303,-4569.9641246522615,-1724.0110891481947,-576.0652713043476,872.8935743569655,-609.9575246468819,484.90830608871386
9762.86284253978,3443.0296674915753,-4569.964033004588,-1724.0110309935512,-576.0651160897833,872.8933857920184,-609.9575269074586,484.90790582238037
-4638.726874295534,-2002.3417551069956,3392.7463094127643,34.98578799460513,523.8559407945767,-315.5582645409668,-640.2732801398864,179.2704392287715
6259.021491929385,1643.106569487945,-3422.019078343741,-2038.611058314615,-248.99058336695512,-596.3231153113225,254.31852239082613,-840.8618546255832
-8043.90349385301,2480.205069717611,-1258.2535376264007,1185.021444428996,-318.20554009294983,1638.7164560634574,-219.34394480620153,1403.5816703316689
7105.231217729743,447.8752778525511,-1956.894922488078,3748.713132225308,-1985.7377879488818,651.1086682142178,470.75636396863575,-252.92236168610512
2889.656343202578,468.8430054917632,3426.3901814762885,684.2240494967338,-449.4095693769752,547.5066561054607,-157.61924539302663,49.20105461180711
-5648.678044807351,-1738.9335335415226,-1238.8275361192004,-129.3523362290165,286.9167125731418,849.5899507110544,-758.3122151051837,344.3986084615449
-11845.419959349334,1696.2658999789573,-565.401283110362,125.09798688154073,1318.07089887405,537.4872790323537,671.7536702097227,648.2736285708801
2109.6656102987304,782.151824841919,753.870128976183,1487.7473732520014,-1183.9033056019114,347.8765252385631,1084.3383383771159,316.082648604349
1743.6388792321693,-1029.2424316768672,-1497.2019228116885,2110.938476281897,553.7317850382284,718.942170920494,-895.4018690622331,-207.14272707939313
-5648.6779493951035,-1738.9336916292953,-1238.8274096620366,-129.35225864866004,286.91692620175365,849.5896912496834,-758.3122203001383,344.3980582982225
29362.96697758563,4557.512467510044,1966.6342889174316,-1073.5354943139453,489.70685984527415,743.4863455903434,72.79566780953276,635.6443910692961
-6492.908455205607,1485.8740316513936,-626.6097395452622,552.3530252672872,500.5364393547481,-362.46471356817807,-31.40839708148499,444.20047747105417
23098.29534837427,-2089.302554678123,-4146.384627450221,4143.26206574232,2631.383418569584,-2142.151234601922,-241.41637141990262,-273.81809624771284
2889.65632641173,468.8430351661982,3426.390159719662,684.2240303453459,-449.4096073068841,547.5067023234394,-157.61924902414236,49.201153912579166
13993.873693753458,1927.3402604831685,2330.7524953317015,-269.5131926704274,-83.6711571162991,279.3544701336114,-125.33892588307009,103.98909593802797
23098.295277036803,-2089.3024511745575,-4146.384658244084,4143.262067639894,2631.38339935898,-2142.15098657021,-241.4164173802036,-273.8178867362641
1743.63893951329,-1029.242532384522,-1497.2018431388326,2110.9385277538977,553.7319201577651,718.9420067446393,-895.4018703133531,-207.14307577963513
9291.773255006143,476.66999273156136,969.9712392210663,-714.8215983117558,-1061.9551623575976,594.8832028898439,-777.1197287900876,-201.35699092786845
29362.967053550186,4557.512356448993,1966.6343258732177,-1073.535492772814,489.70688939624006,743.4860850086577,72.7957132503952,635.644155023319
2109.665550017609,782.1519255495735,753.8700493033276,1487.7473217800018,-1183.9034407214483,347.876689414418,1084.3383396282359,316.0829973045908
4008.2542104510667,-808.5880683947421,-2029.5396488666695,3295.630546723074,-2549.3213199029565,-105.89347255146588,1213.5145993072201,321.6006872018937
-11845.41990806031,1696.265813958205,-565.4012154123261,125.09803167089817,1318.0710138985594,537.4871392455904,671.7536699680588,648.2733314367302
7105.231287002956,447.8751624579948,-1956.894830840404,3748.7131903799523,-1985.7376327343181,651.1084796492707,470.7563617080595,-252.92276195243892
4008.254296238274,-808.5882107618104,-2029.5395352272235,3295.6306171504016,-2549.321127783848,-105.89370590701238,1213.5145951927764,321.600192234366
2896.07612590288,-933.1835225375329,-2463.123064646512,37.63894612945602,682.8990853148446,90.18226614948513,32.87709173456156,-791.7275358572965
-7179.108437645986,-1231.1553617897366,-509.1355057181364,-1198.2713122537011,-83.16469162885483,-660.140524917082,508.66094263230985,-226.59645204948717
13368.751205504608,4356.0940605605665,-1040.1789060175342,-1776.902498392914,-935.6145265651049,627.0512299640138,-342.5727755513493,507.2038128775174
13368.751285834165,4356.093942370098,-1040.1788632488515,-1776.9024936078476,-935.6144872594745,627.050957543209,-342.57273060050375,507.2035517999771
6520.787168558945,-641.0921203027414,110.03657364301436,-870.0378779211542,-1935.9506117092928,-676.6910099158894,-307.5305449299857,-193.2039666433243
-2815.5950123200637,-3514.572669427347,-1192.488050721889,433.5458128291922,855.9628666631131,252.33441341824116,-433.6034664082763,-42.03618101269879
-2865.9920349670906,-2698.058555292011,-1280.2561100328758,1342.8149218149797,544.9668146165465,-1092.0354881478136,-1898.0157330871177,158.79190355252092
-11351.487341040469,1621.6027461523713,288.1998707487825,312.6159638994296,1276.8831363786578,-435.39523192285696,167.01094817923965,472.0301337266878
-2815.5950537864373,-3514.572614712613,-1192.4880417362642,433.54583692602864,855.9629142067489,252.33458043114175,-433.60351572191803,-42.03614280009957
7426.13967127132,915.4674975854189,-273.3092630967211,-726.1739096458637,-373.56365682152,226.36999103852654,-473.05831348161576,-809.7704996875973
-227.35489653482006,-4737.1841674686375,591.0877749400834,-2059.785759962416,-1900.3183275691183,-583.0299297344179,-2074.8938412326033,-410.39156863253686
-10302.025796642149,47.37309532446774,1520.0430603990737,-1167.3772883956526,519.3967246709543,-1075.483191531679,266.1409285856595,373.0723500574238
-5776.149851880088,-255.3889572497762,1697.8434954013803,-87.25273425305033,-288.91545943299576,552.5100606362956,-487.333545224984,215.36799485159554
-11351.48746106377,1621.602944437688,288.1997115169494,312.61586802890884,1276.8828677506458,-435.3949057093797,167.01095613704078,472.03082502462956
-227.35499567912498,-4737.184003285248,591.0876435129202,-2059.78584031632,-1900.31854953792,-583.0296601506607,-2074.893835618688,-410.39099706735385
1776.6978118309482,-1528.821684786278,-1977.085319625459,2500.112279363613,-1503.915747170211,-787.0801818600645,944.9434145284002,146.7653293884836
1776.6978564931119,-1528.8217599832885,-1977.0852607524514,2500.1123192280925,-1503.9156469550464,-787.0803036729045,944.9434150306699,146.76507025676943
-5031.695730584871,445.6907564209055,-4400.749785553187,565.6452502191839,-1152.669230063668,983.5033051342978,887.1519593917469,1790.2388993555057
-2865.991954637535,-2698.0586734824797,-1280.2560672641928,1342.814926600046,544.966853922176,-1092.035760568618,-1898.0156881362732,158.79164247498
662.6800851473976,-1493.3126542058217,1011.3337036072597,994.9393404692711,-666.8103732337381,739.0736734442518,-639.4416723022467,838.6891760598844
-7728.830851658806,1366.248882817512,-1229.809642809435,3425.1247023047335,2160.8926532661458,288.99437806387806,-1166.121153034822,1928.9570998598506
15559.491802875289,2583.2485598235608,1713.1670726751456,-563.8041890053628,-45.498512496559,469.72654569259885,-204.24001963433602,-219.1169715660803
-7179.108354120637,-1231.1555004624806,-509.13539509082125,-1198.271243507319,-83.1645045644259,-660.1407521378266,508.66093877178383,-226.59693404614356
202.6090664800703,789.188328884135,910.4993534546591,1562.3480063156996,-2630.9526635845436,-2673.437952177588,3547.827540727702,694.9659474998812
-10302.025865915362,47.373210719023625,1520.0429687513988,-1167.3773465502966,519.3965694563898,-1075.483002966731,266.14093084623545,373.07275032375713
2896.0761882482498,-933.1836113541982,-2463.1230458274676,37.638937549236054,682.8990844304183,90.18204250686574,32.87713870431838,-791.7276938026539
-5776.14976172788,-255.38910674626229,1697.8436148537244,-87.25266058178971,-288.9152575592217,552.5098154416296,-487.3335498294451,215.36747485250345
6520.787279590152,-641.0923039011567,110.03672090002792,-870.0377887332764,-1935.9503631763082,-676.6913117402751,-307.53055187832985,-193.2046063751744
-5031.69582073708,445.69090591739183,-4400.74990500553,565.6451765479229,-1152.669431937442,983.5035503289635,887.1519639962074,1790.2394193545979
4313.018287168984,1891.0066040023978,-510.84388174722926,926.0824383328445,-876.3245023563518,-3775.0528983548643,465.8765285471564,540.3927622273842
7426.139731552442,915.4673968777641,-273.3091834238655,-726.173858173863,-373.5635217019834,226.36982686267115,-473.058314732736,-809.7708483878399
4313.018347450105,1891.0065032947452,-510.8438020743728,926.0824898048448,-876.3243672368149,-3775.053062530721,465.87652729603684,540.392413527142
202.60911114223356,789.1882536871233,910.4994123276656,1562.348046180178,-2630.9525633693784,-2673.4380739904286,3547.827541229972,694.9656883681675
-7728.830821248775,1366.2488308986894,-1229.8096029160663,3425.1247315774744,2160.892721631446,288.99429490683445,-1166.1211509326015,1928.9569224584586
662.6799561320031,-1493.3124412336028,1011.3335324006088,994.9392379161075,-666.810661956777,739.074024046822,-639.4416633349889,838.6899189239186
15559.49175448107,2583.248641116188,1713.167008832139,-563.8042316433896,-45.49862105191337,469.72667762782686,-204.2400197176447,-219.11669103250418
56.63018877005885,660.1166069875369,1585.3373938065047,983.1136126760963,-635.7725066673675,15.917805277386712,-445.8207457390199,-116.63115076800356
56.63029460570152,660.1164471376529,1585.3374705417775,983.1136364164887,-635.7724103621654,15.917463676890817,-445.8207036514979,-116.63155811282994
7488.485826390448,-5516.563322960814,-837.8282552347997,-812.6852037511817,1641.8366201475417,338.41560713290113,1270.0943209739587,-443.30434964981146
6249.7469469156995,-8520.771139637933,3225.0225283016,-278.5358106171786,-69.25139378108474,545.2532660345444,-1447.9115843948373,695.7703809573694
-5959.957997346559,-1423.589418694676,-323.1514497489879,-239.83777481684763,393.20108060942806,819.9234087928678,-119.79528927080612,-770.854122325756
-4362.250340870177,-196.12798717599247,1804.5894200505488,456.02741967774,-644.9793942892799,145.87358786879716,210.04566551617526,-235.77073314433667
-4362.25041540343,-196.12786319014953,1804.5893213980542,456.02735761400055,-644.9795612586819,145.87379070044904,210.04566836724558,-235.77030271377242
6249.747021448952,-8520.771263623777,3225.0226269540954,-278.5357485534391,-69.25122681168213,545.2530632028916,-1447.911587245908,695.7699505268064
7488.485874784667,-5516.563404253442,-837.8281913917955,-812.6851611131543,1641.8367287028966,338.4154751976728,1270.0943210572675,-443.30463018338776
-5959.958071879812,-1423.5892947088334,-323.15154840148256,-239.8378368805872,393.2009136400255,819.9236116245196,-119.79528641973602,-770.853691895192
2430.076309219175,2421.893165183097,-118.65161471051145,453.37282233067697,127.87138268566225,1242.6320151478246,-190.11863127108427,-461.6033863663989
-7238.510166335512,-1631.6051080147445,2880.4151039247804,-2136.7392135123573,-475.42745913483054,-913.6108060026498,-499.4851924173653,179.63377353740626
-6542.947327252287,717.8131138981317,-266.83159647335464,454.50563629317986,-492.21639021491325,403.78784884595717,379.45315316099646,800.6155329322119
9357.42687089986,1122.2833315135695,-1901.972089935553,1926.438434429738,116.24491021490508,-1971.7894942937512,355.02322870642104,181.4592719871259
-2900.023702731421,2077.65676651773,736.8639337529421,758.1481241385466,-446.4302330631497,433.18207978173183,268.1465328449098,-101.83154876613575
-8875.31620279618,394.9661653529838,120.52535306243092,335.20893427036856,782.6485614034605,704.7653969847042,-234.2032682814077,-194.37233835617718
-6865.406503607497,914.8522730415142,876.0301889878446,656.8697488115533,-257.015994961387,259.6188692860072,634.936550075861,35.10168234264337
-6620.233157845315,-1459.1669734870816,1750.197706182664,-485.0237668247997,308.7670833871479,-1334.3267762990117,-580.9584911685643,479.10096718280494
-4327.983746493587,-322.11100532694803,2110.6537837332844,258.8240098590028,-430.12805284212124,410.2019593602105,-435.58401728921353,-488.24812287248005
-5936.972948666206,-1822.5053729905028,3032.220202068766,-631.4882515457116,488.8624631982963,-505.39076464208443,-156.40748727170367,181.64949492564352
5527.702823706243,2074.4501824500644,967.8338499111322,184.49913563826618,-164.45155195818552,880.43586548609,-366.0441486204893,-206.55282075296947
1926.4392107673787,1381.0557210783888,1127.158947224918,-25.472096291646295,-232.60381507390693,-1288.8835569162911,892.4267149013905,538.634044681107
9273.973273986378,651.2739620436568,-236.24130803097327,-352.2832269682293,3470.623398789045,-935.2509198254822,910.8341840331509,-197.4926940636812
5632.504089734843,-443.13630695979697,-3398.0576520042446,1049.9728367713078,-544.8943857621647,-251.01069476972194,926.8694724096924,-494.06965196855083
-6865.406457578508,914.8521956120484,876.0302496810601,656.8697896918148,-257.0158916917158,259.618743765949,634.936550424691,35.1014153727238
-4948.799891710939,1022.2099178620858,-899.8872351772044,155.8689862422596,1499.1343081797388,212.87816113537343,574.6360812932703,690.5708178840688
-11618.056909683843,998.5754242979856,1881.973526776881,-1006.2297479233085,393.3803363303913,-1793.302577927385,-119.61541338988022,134.5572344514729
-5402.457694746752,-1319.7617571476844,-1707.7567507233223,-206.5083181696188,-160.5450223104529,299.039721290702,-64.43071155258173,-717.3559076439974
5527.702913858457,2074.450032953579,967.8339693634764,184.49920930952658,-164.45135008441125,880.4356202914234,-366.0441532249501,-206.5533407520615
-5402.457755027874,-1319.7616564400305,-1707.7568303961766,-206.50836964161888,-160.5451574299895,299.03988546655825,-64.4307103014617,-717.3555589437561
145.05516924595605,17.077721287289428,2268.0910158098113,370.7358357074809,-623.4479055406546,435.5526450439539,-333.16836864447737,-392.52259135078936
2430.0762788091442,2421.8932171019205,-118.65165460387888,453.37279305793646,127.87131432036186,1242.6320983048686,-190.11863337330533,-461.6032089650064
5632.504138129061,-443.13638825242333,-3398.057588161239,1049.9728794093342,-544.8942772068099,-251.01082670495097,926.8694724930008,-494.06993250212685
2814.0175040308354,404.59444701449286,3027.387380715226,532.7464429992315,-478.51195368363307,484.1673552752325,-220.36730226996207,-132.27068831170166
7488.485817398355,-5516.563308273914,-837.8282672096199,-812.6852104338233,1641.8366000525143,338.41563152199313,1270.0943219834146,-443.3042980837195
-16114.102156409166,4115.563983441469,954.7582476304385,668.4284206835595,1915.03585869862,-296.9888225635447,1134.5557510703322,-884.7107824503931
-6726.877051669887,786.2895219632876,991.5824372662255,353.3285257334644,-110.25328260069234,72.25079161490126,41.259677844613485,-627.1554031689221
1268.0780994716845,2036.0603805812584,876.6345837998798,137.49291296996233,88.28535284933729,628.2571971192715,-29.45678637276212,-217.87003205946178
-4812.52258042514,-238.34466873423054,3097.464201244731,507.3182620488169,-330.84470568510864,544.133947091131,-421.2950426938887,-299.7772292257736
12197.742048651313,2283.6153501553704,-6198.983875177136,-4971.602604252223,-125.90601552223517,-1446.7582656648576,-1046.67646167331,-1088.6630842762422
2814.0175544893023,404.5943776128557,3027.387383704419,532.7464255850383,-478.5119811322403,484.16716387323925,-220.36725396577654,-132.27077809039324
-10489.729280503474,702.2203356870185,-1248.4850969037045,-879.4546397035022,393.95651771037774,296.40475203368,-13.448561110089576,315.84844305661585
-2838.2990492732697,1504.4244226900735,1092.3723526830313,187.8352699979842,195.0432511049138,503.7524610074272,646.2159137330257,-254.3421195849895
-9184.436556441202,-447.42390409995085,-1038.037283529096,-1251.722125748225,110.791425276763,-623.2379105389737,-66.94353618902231,-560.2258810085511
-4491.464823564529,1149.5691363352123,1522.3851264343452,749.6108924070996,-345.27335424221434,247.3610953777756,155.69281361366433,-437.40035680449324
358.1661239491045,-1528.9003267738713,2205.850478585731,652.7391227206691,-1553.0799830751387,-893.5319551389118,1180.769580939302,304.6173563619886
-12805.839336373578,1847.1426546226808,62.63838947730939,-887.9587328544847,532.7978798768773,-508.56598665099443,162.5790246955226,-665.8747145676043
-6509.169305575497,-2060.694536941244,-1671.9896603971092,-1658.1476999034578,-443.3089784841005,-58.360479256820035,-643.2904033727544,-657.5529822097014
1094.7141703906104,-906.511344767234,-2885.134228710415,2775.5678232151777,-1523.134333471746,1086.3055605352104,-134.35295449183874,-462.82478638572854
-3627.3429108412906,-183.020976475014,-2364.5315673767627,-154.2258884933068,-473.9955858199115,-352.63142551081944,-154.21749874117648,-1132.9916918721126
-5686.828403930797,-74.95574650469152,-1665.0244214702886,181.28881129227304,-740.2076170089491,77.32568801288323,633.2985601784533,-123.37748360714575
-1714.1348101992803,-854.5138855313475,2880.6869738475925,833.2311419353805,-1046.1324454900198,201.8857933480777,-116.90976235067862,18.83018071988865
118.12509316802624,85.50247736136728,1934.642775838804,429.32115707407434,-0.8657248889232096,98.66273362561294,-82.52954911076871,-253.11777792647288
-1267.0203916141354,-1466.8441899662675,-2189.4280475040205,2245.6566799851885,-341.3498321868711,1230.7393822662216,-645.7375388715042,400.9972491970954
-3627.3428534549766,-183.02107245454235,-2364.5314915589374,-154.2258391726368,-473.99545716952923,-352.6315818351407,-154.217499667324,-1132.9920239717803
8619.88713014359,1866.1804349906877,1967.8194626500408,106.65243046776219,-191.45195065018922,578.6588845656306,-135.6738859090377,-256.54786337983995
-7289.912239895054,90.73748534922234,-429.39709407758164,-586.2106571942174,-651.9947214406507,-556.6127791582578,1066.2136062732227,28.922565338414866
-61.20400673557821,1677.2807652082906,1040.3230440600998,2693.52560838642,623.7611848376418,2299.8988288194078,453.62725735023173,-293.842403877672
-2221.9067864398407,-5170.10268481392,2449.7255040126834,-3110.505311111662,-1105.8743295506667,-48.81966080498181,-557.1044730005061,104.00623941301605
118.12517669337333,85.50233868862269,1934.6428864661186,429.3212258204569,-0.8655378244934491,98.6625064048689,-82.52955297129498,-253.1182599231292
9528.60220447568,2966.538786838393,1237.5464823125628,-1403.286826205897,-101.13706985622727,172.97180506483096,-383.41242614445116,119.70674882175473
1874.9122855241014,-1058.3511545690578,-1429.8801020545397,3156.2456926009295,-1259.5091613754214,1776.3615587897882,-503.93420828775163,-609.4737120964635
-8227.613575493824,1768.6831404266793,-2025.2356997910958,635.9069101468402,-485.5402163626255,832.0513207935576,-33.91125699607468,522.4340023261543
-9004.91770391641,-23.089433337201882,-2480.703058643319,-510.92109498210806,457.14187595561464,704.6624871478832,-316.4703078140862,472.1365024156299
-2575.0388552849813,-214.47888583991582,1647.9757816480833,238.23926661666368,-283.5643272890633,310.06030183213653,-329.3786134916234,-251.6566452603158
-1867.3207963945176,-770.7832931002862,-3296.1876709226062,493.03898374307744,-844.0892784507131,-460.7387837225563,602.3065303942454,-43.41735568006413
-1867.320865667733,-770.7831777057304,-3296.1877625702805,493.03892558843364,-844.0894336652774,-460.7385951576087,602.3065326548223,-43.41695541373002
9528.602252869903,2966.5387055457677,1237.5465461555666,-1403.2867835678708,-101.13696130087251,172.97167312960204,-383.4124260611428,119.70646828817868
-9004.917656359437,-23.08951326233937,-2480.70299591528,-510.92105296629853,457.1419826399336,704.6623574835083,-316.4703076367887,472.1362266833417
410.3273845150844,766.1054616290643,-2353.0674316773,-940.4953855107341,-266.7385906545535,-343.5931876531708,994.7333496153595,-695.0684139607114
-1714.1347661700638,-854.5139596945581,2880.687031877699,833.2311813294724,-1046.1323466893311,201.88567325196868,-116.90976177735334,18.829925217877015
-5686.828354008597,-74.95583029298982,-1665.0243555924612,181.28885506584817,-740.2075050389471,77.32555193333877,633.2985600902299,-123.37777290309005
8619.887204676843,1866.1803110048447,1967.8195613025364,106.65249253150158,-191.45178368078646,578.6586817339784,-135.6738887601081,-256.54829381040446
-1106.6709092084575,-1608.6266932832043,-2483.9299793082514,2180.045112239645,-254.57830159623498,671.8875496999733,-377.9377719107037,-41.64464116613402
-9742.841673575404,-205.3113492161673,2823.9693009665366,-1254.1658312580705,383.28695879103486,-1701.2510082228096,15.04385797255043,359.9572298718546
-1786.6710527405367,1807.8997317200772,832.9639275235778,885.333678402361,-575.6779974782112,220.7565290049745,-472.2559755057255,758.0383254543236
3784.5002414554865,-951.1959411947208,-2442.444110151897,1042.9082345701088,-28.173768973621314,481.947409439442,1270.386518911614,-406.9868567697852
-5519.929892087626,-1005.7724158424752,-1678.7071195524684,520.6339124497839,260.285752986793,422.1511973234035,-150.4433635861784,-207.10727565320843
-8198.47106430957,-1092.327148452464,2303.4826512251293,-1253.5734628217617,325.08579837841427,-1271.972824498718,91.90641131959433,149.31031519349781
24085.13035217336,4588.373363264877,1507.948755404674,-756.5711834609062,-25.85232645626225,1007.9625520460005,-391.3657283350472,281.49966711808776
-4639.69757782395,-2291.57424894592,-2741.0929873630894,-1077.443525267366,-874.4286161442509,-115.71354971976692,-739.702215079315,-893.6608918929237
4058.512943757944,-3002.5085775739553,-1800.624956542351,-676.8224722204419,792.8451567455103,-211.17139456106162,89.76009238199472,-616.6833713862236
-2714.066667060054,1540.7495642697063,837.3439007767844,554.8032081266425,-406.40837185366513,300.94726267276985,-107.39761276172032,-616.1496258706745
4670.348257173834,2200.083012460965,-4799.068581551757,-1683.7483769836638,-1492.986940593118,-1197.9774966655993,-192.39933019595637,-1563.519779803406
-10499.998423003672,667.0979076039891,1514.2148734526554,-2089.5576339855743,-1013.0162390354236,-889.3365456579221,-1350.0725819387405,-264.8473465492666
-12635.956247486807,1670.179722480148,-787.1118878438172,-928.240684779356,796.3803379332556,-216.78880188650652,499.45274197258857,515.37543149066
-5519.929963425089,-1005.7723123389081,-1678.7071503463317,520.6339143473607,260.2857337761903,422.15144535511604,-150.44340954647924,-207.10706614175922
-10361.735600332153,142.50415162593828,-1356.728939633948,-1466.639342362211,116.23339181585861,-398.7926079109023,-159.0212114647252,268.97978577038384
-2714.06659778684,1540.74944887515,837.3439924244589,554.8032662812864,-406.40821663910094,300.94707410782274,-107.39761502229638,-616.1500261370084
-6616.8342588213545,-398.9233201519748,-1741.109868425433,36.57397538171762,-167.7830355445029,201.69550580588412,-248.65160829846636,-502.3532016232519
-2700.845244906095,1013.52668285087,675.075459479108,1956.2604207774962,-1654.8416905093018,-453.7328203099812,-119.46276620704514,539.7309480545758
2918.5320564876733,2135.3569542622527,2.175353233170575,62.95554734844071,-9.876203135443966,486.15968815454215,-188.08894194020527,-770.5292499344944
-2141.4730610848237,-3605.4762817701,-2267.4439296658707,-612.5021614441353,-531.3816783779347,93.83695549664489,-454.09105111074024,-513.0463774386271
-10064.060620582506,1073.94996111697,94.7026830326742,-93.49346993206638,823.5766669075506,18.945705608602758,87.71214289504387,461.82190285610847
7488.485874784667,-5516.563404253442,-837.8281913917955,-812.6851611131543,1641.8367287028966,338.4154751976728,1270.0943210572675,-443.30463018338776
5899.007886814483,2047.386614801509,1107.2289187936058,-278.82653255635677,-158.239762770296,390.54368271123883,-344.58325177419295,-490.80890931664806
-6077.671357267131,-180.72585071353308,2675.01225674729,189.50795616130353,-55.74960949385863,461.422212685238,-500.1284818329335,-344.16313442571493
-6509.169374848712,-2060.694421546687,-1671.9897520447846,-1658.147758058101,-443.3091336986653,-58.36029069187278,-643.2904011121782,-657.5525819433672
-3804.331771064661,-152.52554602720213,-2535.601878081839,284.9553492415619,-493.5795792799757,-607.7238304058269,83.01482072510173,-277.75408012586445
5899.007835525457,2047.3867008222628,1107.2288510955696,-278.8265773457147,-158.2398777948051,390.54382249800193,-344.58325153252895,-490.80861218249805
-3804.331831345782,-152.5254453195478,-2535.601957754695,284.9552977695614,-493.57971439951245,-607.7236662299714,83.01482197622163,-277.75373142562245
-8853.366512280487,1105.4419447628875,-266.703593777537,1732.6127848951132,1327.5319101300593,153.95554367663064,-652.1630691435873,-129.52238205362133
7854.262675341652,1122.7208499183737,2112.186364675149,-217.83377721865108,-490.6757476391036,657.3317268876884,-428.86374558093803,497.4448226838226
19864.352850884934,737.4064712242063,3561.930126214042,93.43685390311222,2301.606028239074,-1064.7426899786942,546.9481572889861,838.7917719023347
6029.8860562939035,2293.036817127342,1265.0793955064223,-1077.8907712261896,-787.1870132291151,-1924.6396757972952,728.7870497429739,769.9737499746044
6029.88598176065,2293.036941113186,1265.0792968539274,-1077.8908332899298,-787.1871801985178,-1924.6394729656433,728.7870525940438,769.9741804051688
5335.8974016108605,2828.761094105846,-7354.2864082786855,-4567.251021267018,-653.0200757912866,172.61549847802556,5.513458806901467,986.8918799025904
-9281.696022443735,-425.9338137466347,-4596.456327792247,-2357.782603240991,-220.35720856442623,1749.4604426415492,-520.5567900337295,6672.12231372546
-816.8725188324963,-2993.7550799208193,-1690.5665521081025,260.81666325453267,-489.41838275609257,316.30945681508797,-252.3676582338119,-820.8508453787513
-13074.777180017807,1908.4024825609854,-1994.1119079154464,-1275.5209828682482,607.282312651739,104.54217825600539,235.85593668486712,1155.8545363511776
4644.572449250894,566.7583205185125,2060.6724334978308,298.4491519795091,-346.76314184851594,261.77818723226267,-93.06061637715845,-148.60975476502898
-5084.857041838397,-1315.8942289114254,-3006.598781468984,449.56519496236456,56.43507059101978,504.788210343533,-417.61826076233956,562.6497831467728
-5146.736038391346,1044.2112233947291,482.5054882476513,318.22916942253556,-59.81756821811291,-45.49359870744102,37.496845826557994,-427.4924613902038
5418.5476744652315,-7825.01286290554,650.1744192802737,1251.7908640772885,-11.928521826877288,-3869.94892580127,-3072.4547474844367,1583.7583502840455
1943.9976086487693,229.83901857356076,1787.4458426505603,197.69152020142786,-547.4501958728036,412.9351626915717,-287.178279889189,-142.1195364319328
-8845.990333345431,1720.268285137868,-51.34310252996132,588.3214193964287,418.2889669899427,-117.63787565595011,622.1043780883739,-715.6557377956518
-3546.9662935983997,-2170.430832270401,-2501.9345976930485,366.7957258219002,-48.5339633293652,505.4199872374641,-359.30178003408224,-437.00077565842497
-6542.947287850163,717.8130472924066,-266.8315446051685,454.50567224856314,-492.2163017545866,403.78774129982065,379.453154253761,800.615303964728
-4948.799981863151,1022.2100673585715,-899.8873546295474,155.8689125709991,1499.1341063059642,212.87840633003978,574.6360858977307,690.5713378831599
-8875.316112643968,394.9660158564981,120.52547251477564,335.2090079416288,782.6487632772346,704.7651517900382,-234.20327288586813,-194.3728583552689
1926.4391206151674,1381.0558705748758,1127.1588277725743,-25.47216996290682,-232.6040169476803,-1288.883311721626,892.4267195058513,538.6345646801989
-11618.056840410623,998.57530890343,1881.9736184245558,-1006.2296897686647,393.3804915449559,-1793.302766492332,-119.61541565045576,134.55683418513902
9357.42697004417,1122.2831673301807,-1901.9719585083897,1926.4385147836417,116.24513218370696,-1971.789763877511,355.0232230925044,181.45870042194153
-4327.983677220372,-322.1111207215041,2110.6538753809587,258.8240680136465,-430.1278976275568,410.2017707952631,-435.58401954978984,-488.248523138814
-7238.510256487723,-1631.6049585182577,2880.4149844724375,-2136.7392871836173,-475.42766100860433,-913.610560807983,-499.4851878129047,179.63429353649744
-5936.9728741329545,-1822.5054969763457,3032.220300721261,-631.4881894819716,488.8626301676986,-505.39096747373685,-156.4074901227734,181.64906449507956
358.1660636679831,-1528.9002260662169,2205.850398912875,652.7390712486687,-1553.080118194675,-893.5317909630561,1180.7695821904224,304.6177050622319
-10489.729226849217,702.2202458031053,-1248.4850260558785,-879.45459315638,393.95663802057027,296.4046058317468,-13.44856161727558,315.84813235880927
-12805.839301336457,1847.1425951463725,62.63843553259647,-887.9587001430357,532.7979585825385,-508.56608235801116,162.57902627830373,-665.874918503524
12197.741970386001,2283.6154802368274,-6198.983978799629,-4971.602669089509,-125.90619083182679,-1446.758052710818,-1046.6764584032774,-1088.6626324438175
-9184.436634706508,-447.4237740184922,-1038.037387151589,-1251.7221905855122,110.79124996717086,-623.2376975849336,-66.94353291898943,-560.2254291761254
-4812.522634079396,-238.34457885031722,3097.464130396906,507.31821550169445,-330.8448259953012,544.134093293064,-421.2950421867027,-299.77691852796715
-6726.876977136634,786.2893979774445,991.5825359187199,353.32858779720425,-110.25311563129019,72.25058878324948,41.259674993543285,-627.1558335994865
-4491.464778902365,1149.5690611382013,1522.385185307352,749.610932271579,-345.2732540270496,247.3609735649345,155.69281411593482,-437.4006159362075
-7289.9121706218375,90.73736995466568,-429.3970024299058,-586.210599039574,-651.9945662260865,-556.6129677232045,1066.2136040126468,28.922165072080617
-10361.735660613273,142.50425233359297,-1356.729019306804,-1466.639393834211,116.23325669632145,-398.7924437350475,-159.0212102136046,268.98013447062704
-8198.470995036356,-1092.32726384702,2303.482742872804,-1253.5734046671173,325.0859535929789,-1271.9730130636651,91.90640905901843,149.3099149271642
24085.130271843802,4588.373481455347,1507.9487126359907,-756.5711882459732,-25.85236576189225,1007.962824466805,-391.3657732858913,281.49992819562954
-9742.841744912868,-205.31124571260023,2823.969270172672,-1254.1658293604933,383.2869395804328,-1701.250760191097,15.043812012249173,359.95743938330423
-6616.834348973566,-398.92317065548906,-1741.109987877778,36.573901710457115,-167.78323741827643,201.69575100055022,-248.65160369400598,-502.3526816241602
-8853.366381200844,1105.4417436816582,-266.703483424696,1732.6128273960564,1327.5320628491368,153.9551336072965,-652.1630298899673,-129.5229341627709
-10064.0605214382,1073.9497969335814,94.70281445983615,-93.49338957816293,823.576888876352,18.945436024844124,87.71213728112697,461.821331290925
-2700.8451703728424,1013.5265588650266,675.075558131603,1956.2604828412352,-1654.8415235398995,-453.7330231416335,-119.46276905811426,539.7305176240124
-816.8726023578431,-2993.754941248074,-1690.5666627354171,260.81659450815016,-489.4185698205231,316.3096840358325,-252.36765437328518,-820.8503633820957
19864.352926849486,737.4063601631533,3561.930163169825,93.43685544424422,2301.606057790038,-1064.7429505603786,546.9482027298482,838.7915358563574
5335.897485136207,2828.7609554330993,-7354.286297651372,-4567.250952520634,-653.0198887268566,172.61527125728227,5.513454946374772,986.8913979059341
7854.262788935705,1122.7206468714837,2112.186578947895,-217.83362453984503,-490.6753527617961,657.3314719800957,-428.8638012696004,497.4439656625605
-5084.85711637165,-1315.8941049255825,-3006.59888012148,449.56513289862505,56.4349036216182,504.788413175185,-417.61825791126915,562.6502135773368
-5146.736109728809,1044.2113268982964,482.50545745378747,318.2291713201126,-59.817587428714944,-45.493350675728905,37.49679986625641,-427.4922518787546
-8845.990258812177,1720.2681611520254,-51.34300387746805,588.3214814601689,418.28913395934524,-117.63807848760258,622.104375237304,-715.6561682262158
5418.5477368106,-7825.012951722205,650.1744380993173,1251.7908554970675,-11.928522711303183,-3869.9491494438894,-3072.454700514679,1583.7581923386879
