0,1,2,3,4,5,6,7,8,9,10,11,12,13,14,15
12.008156087806071,3.868536717082442,-5.24967688541133,-3.3773406395111403,-3.705705571661787,2.006188382141466,-1.1679528660311609,-1.2305213576397112,1.4827026063768765,0.19548808590339667,-1.5372336045593804,0.2810677927722619,-0.6434591056002239,0.5255860335044655,0.02273323359238244,-0.37026315506695495
-5.468716879808495,-1.7820525115870822,2.247948796140426,0.9365023524112555,-1.255489133226444,0.4376127823484086,6.284599912711432,-1.9482932592218294,0.5399112593249074,-3.659601634505755,1.3146895533856657,0.9258976304702686,-1.4148163097088582,-1.8314043761957741,-0.6547125239064169,-3.771688220276464
5.768789553123062,-4.427856081695416,-11.65614489989347,-7.6796002310369476,-1.646838784823393,1.9990329943438967,1.1288600528356003,-0.29333514638330094,-1.3195584109171623,-3.7937468771590552,0.6484759101972477,1.2637243256653519,2.3720998552197647,1.141305499735827,1.7669600881914407,0.47378800579520997
10.29789900886647,7.302401585334115,1.6542086532645972,4.233000212589406,-1.017079362622611,-2.442945681483626,-0.9329648537811863,-2.711380134215621,-5.2403898517427185,-1.5447429646876778,0.41264475861825467,-0.44048848858074374,1.0300614153356715,1.3269162360461952,-0.7598349371766591,1.3906052283692723
12.006087155405055,3.886028705920161,-5.267133159890958,-3.3886810266766867,-3.7081171015492544,2.034335086800332,-1.1224937035872846,-1.1930647446057012,1.4821774602361595,0.18412895493971354,-1.532557859992314,0.2614778415103839,-0.6331114738402823,0.462529221814135,-0.023596983679660788,-0.40048743363617645
-5.470785812209511,-1.7645605227493633,2.2304925216607985,0.925161965245709,-1.2579006631139116,0.46575948700727454,6.330059075155308,-1.9108366461878195,0.5393861131841904,-3.670960765469438,1.3193652979527322,0.9063076792083906,-1.4044686779489166,-1.8944611878861046,-0.7010427411784601,-3.8019124988456854
7.060056877924589,-4.273401799274018,8.466535099604975,2.913076522601532,-0.16715477067920137,3.060322793629955,4.49883396523066,-0.8005395686618888,-0.4085354222167119,-3.0459258556637363,7.496669684837404,-0.380100468179408,-0.15524017662544587,-2.073933178637268,-0.7467520846468843,1.2657516691903594
5.852968543260706,-4.150807688373213,3.497762011424206,-1.193683380596085,1.322468072811719,2.159560323122732,4.042714041952982,2.2672117578517135,1.7438225227159627,-0.5412206620267891,3.4315500032040673,2.407568943986726,0.8489755690902316,-4.3417504759966015,-0.47770815829306046,1.6039055529653443
7.057987945523573,-4.255909810436299,8.449078825125348,2.9017361354359856,-0.169566300566669,3.088469498288821,4.544293127674536,-0.7630829556278789,-0.4090605683574289,-3.0572849866274194,7.501345429404471,-0.399690419441286,-0.1448925448655043,-2.1369899903275984,-0.7930823019189275,1.235527390621138
5.85089961085969,-4.133315699535494,3.4803057369445782,-1.2050237677616313,1.3200565429242515,2.187707027781598,4.088173204396858,2.3046683708857234,1.7432973765752457,-0.5525797929904722,3.4362257477711338,2.387978992724848,0.8593232008501732,-4.404807287686932,-0.5240383755651037,1.5736812743961228
5.766720620722046,-4.410364092857697,-11.673601174373097,-7.690940618202494,-1.6492503147108606,2.0271796990027626,1.1743192152794766,-0.255878533349291,-1.3200835570578793,-3.8051060081227384,0.6531516547643141,1.2441343744034739,2.3824474869797063,1.0782486880454965,1.7206298709193975,0.44356372722598847
11.736238744265748,0.3445422666523399,-0.9430269105183675,0.8372073264310534,-0.7471060455097636,-5.360968836467388,-2.9314002840668083,2.127235052090228,4.673603713374439,0.7013589624022888,0.5130151699729453,0.7789199931098523,-1.6565911535098938,-2.5322627603179706,0.4762879678669798,-1.0581742367794988
5.958182305954428,-4.7998944934487415,-11.686323110254111,-7.947080358103614,-1.4281199390321335,1.3371783057620936,1.2274991328694131,-0.3328456754709368,-1.1891550322695768,-3.1463881517613084,0.8871107719954971,1.0625014464330322,2.17966041847649,1.3109475365876166,1.9372358069150852,0.4756494257618462
-6.800788260498873,-4.7360019966977465,12.561444310685507,-3.313849730413615,-3.5226276245816064,-0.8486358597003816,3.7857680683252513,-3.4878257016140064,1.3001475403898732,-2.6179512400645466,1.9386037145662214,3.036628103285479,1.8399098036381223,0.5514330163669827,0.736797402011544,-3.5658365774163365
3.816353464772296,-1.6012589454038073,-3.2247478977000537,-3.6551958873383033,-1.7561572072895246,6.6977415170445145,-0.3333494658225846,-3.060433538251917,-3.7583058946173384,-7.727070152098547,0.04024936978611307,1.1518486612540764,-1.737083996303338,-2.605838185771857,0.6506588141186167,-2.869340716276922
5.160026025723678,-4.606470504793529,-12.317395513597532,-8.489012066817374,-1.608069097271529,0.8894707009190732,0.6566158836046854,0.21163474407315253,-1.2728478049852114,-2.612678261741243,1.7396420127226264,1.2520339105091902,2.1664944520047382,1.8215127225780576,1.635379908185195,0.8576079100785952
4.436251681595676,-19.671044093348254,-5.995253841747555,0.695437703675298,1.8866473789113285,-6.3899422977987514,3.85262667324026,-4.03283318510962,-3.2159428442369227,5.610394976076094,-2.6197910446330446,-2.763100448481844,-1.0661698014504637,-0.956413560912238,-0.488165993368724,0.00488224677740412
5.144057834383772,-4.699527716352405,-12.113715358809307,-8.587457459904039,-1.5958085422107045,1.6816386990672387,0.8795282117080863,-0.21647893306320576,-1.3778312485811939,-2.9569619839816053,1.84511101863895,1.2115251573953605,2.3659705849647383,1.5133485994128266,1.6202005880654284,0.6874007334940107
3.8142845323712797,-1.5837669565660883,-3.2422041721796813,-3.6665362745038497,-1.7585687371769922,6.72588822170338,-0.28789030337870836,-3.022976925217907,-3.7588310407580554,-7.7384292830622305,0.0449251143531795,1.1322587099921984,-1.7267363645433964,-2.6688949974621874,0.6043285968465735,-2.8995649948461435
11.734169811864732,0.36203425549005885,-0.9604831849979951,0.825866939265507,-0.7495175753972312,-5.3328221318085225,-2.885941121622932,2.164691665124238,4.673078567233722,0.6899998314386057,0.5176909145400117,0.7593300418479743,-1.6462435217499523,-2.595319572008301,0.42995775059493657,-1.0883985153487203
3.949829582758472,-1.7238474900463103,6.849556498149646,2.6526232676332495,8.069908033640852,0.6422065820502136,2.8986152478613807,0.41027413026481163,1.3774894894175524,0.20215260280891656,0.27847578461655315,-0.6035707486719759,5.525795759708995,0.3576952147696981,-0.7214649461965507,0.9461344517826438
4.43418274919466,-19.653552104510535,-6.012710116227183,0.6840973165097516,1.8842358490238609,-6.3617955931398855,3.898085835684136,-3.9953765720756103,-3.2164679903776396,5.599035845112411,-2.615115300065978,-2.7826903997437222,-1.0558221696905221,-1.0194703726025685,-0.5344962106407672,-0.025342031791817377
3.962264387337715,-1.7085493770522504,6.820377674805236,2.6481903398161433,8.094709509102424,0.70780254229475,2.9595877819814636,0.43875470847874176,1.3331999234231482,0.1915882369190395,0.2745732939001256,-0.6035844465644034,5.500948484131509,0.2367383803640375,-0.723951927648062,0.8504096157907843
-16.29827511204295,-0.8691369040349528,-0.50845311168302,3.207138518309152,-2.123811897150995,-0.5052064173426605,-1.3429251862065632,-5.323832666430701,2.353938263024693,0.22202849147447856,0.7921068015116522,2.0664838566595543,2.1408985781172447,1.5591321184771565,0.719177989876365,0.6774769561746792
-6.798719328097857,-4.753493985535465,12.578900585165135,-3.3025093432480688,-3.5202160946941388,-0.8767825643592475,3.740308905881375,-3.5252823146480163,1.3006726865305902,-2.6065921091008635,1.933927969999155,3.056218054547357,1.8295621718781807,0.6144898280573132,0.7831276192835872,-3.535612298847115
-15.804873979410115,-2.780279988498206,1.0203201662268446,1.7912933006309417,-3.94934762024625,-0.46681703368644045,0.30077527961527384,-3.050364267760964,3.089153700520267,-1.0977653324942227,1.3429483742919646,-0.3773304874510124,-1.554064440973923,0.1709116172444487,1.917994909612923,0.7824293406928797
-15.80694291181113,-2.762787999660487,1.002863891747217,1.7799529134653953,-3.9517591501337175,-0.4386703290275745,0.3462344420591501,-3.012907654726954,3.08862855437955,-1.1091244634579058,1.347624118859031,-0.3969204387128904,-1.5437168092139815,0.1078548055541182,1.8716646923408797,0.7522050621236582
5.141988901982756,-4.682035727514686,-12.131171633288934,-8.598797847069585,-1.598220072098172,1.7097854037261047,0.9249873741519625,-0.17902232002919582,-1.3783563947219108,-2.9683211149452884,1.8497867632060165,1.1919352061334825,2.37631821672468,1.4502917877224961,1.5738703707933852,0.6571764549247892
5.9561133735534115,-4.782402504611023,-11.703779384733739,-7.95842074526916,-1.4305314689196011,1.3653250104209596,1.2729582953132894,-0.29538906243692686,-1.1896801784102937,-3.1577472827249915,0.8917865165625636,1.0429114951711542,2.1900080502364316,1.2478907248972861,1.890905589643042,0.4454251471926247
-16.300344044443968,-0.8516449151972338,-0.5259093861626476,3.1957981311436057,-2.126223427038463,-0.47705971268379455,-1.297466023762687,-5.286376053396691,2.353413116883976,0.21066936051079543,0.7967825460787187,2.0468939053976762,2.1512462098771863,1.496075306786826,0.6728477726043218,0.6472526776054577
5.157957093322661,-4.58897851595581,-12.33485178807716,-8.50035245398292,-1.6104806271589966,0.9176174055779391,0.7020750460485616,0.24909135710716246,-1.2733729511259284,-2.6240373927049263,1.7443177572896928,1.2324439592473122,2.17684208376468,1.7584559108877271,1.5890496909131517,0.8273836315093737
-10.210877198004207,2.4686815058786955,-3.669796492220259,5.393895916561476,-1.0184380683123546,0.9427106311084055,-1.3348215655405136,1.521603789034078,-2.849830022648254,-0.8498449547661553,-0.1262991645725727,0.4773062184919281,1.449238189313542,0.3096270886136434,-0.14964893325030093,0.29804176973916086
10.125200190870217,3.086232541031988,5.649400902168556,2.9449206425046066,-0.3263834509362038,-0.6614659684481361,-1.2407176439648993,-3.033719368952337,-2.1457897536507478,-5.974328962198496,1.3777001237430564,0.9511402314462765,-3.0756876798428476,-0.7941119090456521,1.322628694463809,-0.8970496865902371
10.327514552855384,2.0852154277897537,4.95413463619799,1.9197153143439694,-0.7068850847266744,-2.581337591231168,-0.2758428689984833,-0.5273201932075882,-0.4991269493042161,-1.5647240963440983,2.1580140076569014,4.793308501551847,-1.9141950277314934,-0.5232200802906322,1.041667963200684,-1.6967881372271263
10.3295834852564,2.0677234389520347,4.971590910677618,1.9310557015095158,-0.7044735548392068,-2.609484295890034,-0.3213020314423596,-0.5647768062415981,-0.4986018031634991,-1.5533649653804151,2.153338263089835,4.812898452813725,-1.924542659491435,-0.46016326860030166,1.0879981804727272,-1.6665638586579048
5.4697920921502,1.2019263778875278,7.198056122113641,4.688207551999645,2.7550390164692713,1.2306031240851718,3.2923655542586587,1.932776172738098,-0.512042449935068,-0.728784331311092,1.2012702956898769,-0.6115319529358996,2.8982767567325323,-0.9048004040032342,0.9949885790808353,0.46053636330107484
11.418281483289046,-0.10906857384423496,-1.3775042470169754,0.4109634856535602,-0.2998845939357493,-5.20511842680596,-2.831934887765772,2.282790008910016,4.877103670724125,0.8907345403631339,0.9151541214405134,0.47230777524793277,-1.6206917930575384,-2.4440872988706026,0.4677514627198509,-1.2009610328160283
5.467723159749184,1.2194183667252467,7.180599847634014,4.676867164834099,2.7526274865818037,1.2587498287440377,3.337824716702535,1.970232785772108,-0.512567596075785,-0.7401434622747751,1.2059460402569433,-0.6311219041977776,2.908624388492474,-0.9678572156935648,0.948658361808792,0.43031208473185334
11.651547861469716,0.613752971001067,-1.0256176204884841,0.7105579400731621,-0.17655607347255353,-5.067033918878923,-2.728169584562164,2.1874323081698623,4.520144700629535,0.12857856855408106,0.24624647657595317,0.7215391800207007,-1.9535733967170683,-2.4762329840565123,0.7034614318892477,-1.4308199282056497
-5.550503134588711,4.695650121193085,1.6495622132108585,2.232079131750602,-5.750015143992662,1.7996910789991265,4.827553775450789,1.7787444991691759,-4.209772402544568,-0.520577163345741,-0.4397125652288425,-0.4919116211733686,-1.72187323272094,-0.1749378762827276,0.16005502365303304,-2.485499392911882
11.41621255088803,-0.091576585006516,-1.394960521496603,0.3996230984880138,-0.3022961238232169,-5.176971722147094,-2.7864757253218957,2.320246621944026,4.876578524583408,0.8793754093994508,0.9198298660075799,0.45271782398605476,-1.6103441612975968,-2.507144110560933,0.4214212454478077,-1.2311853113852498
11.6494789290687,0.6312449598387859,-1.0430738949681118,0.6992175529076157,-0.17896760336002115,-5.038887214220057,-2.6827104221182876,2.2248889212038723,4.519619554488818,0.11721943759039793,0.2509222211430196,0.7019492287588227,-1.9432257649571267,-2.5392897957468428,0.6571312146172045,-1.4610442067748712
-10.20880826560319,2.4511895170409765,-3.6523402177406314,5.405236303727023,-1.016026538424887,0.9145639264495395,-1.3802807279843898,1.484147176000068,-2.849304876507537,-0.8384858238024722,-0.13097490913963913,0.4968961697538061,1.4388905575536004,0.3726839003039739,-0.1033187159782577,0.32826604830838235
-5.552572066989727,4.7131421100308035,1.6321059387312309,2.2207387445850557,-5.752426673880129,1.8278377836579924,4.873012937894665,1.8162011122031858,-4.210297548685285,-0.5319362943094241,-0.43503682066177607,-0.5115015724352466,-1.7115256009609985,-0.23799468797305812,0.1137248063809898,-2.5157236714811035
11.929609761851365,3.8036332038554956,-5.2850922053616065,-3.5890422329286378,-3.7621252065124673,1.6977467081346274,-1.1967134239993604,-1.0793159205681606,1.6422553241074578,0.30286698873028406,-1.1343146257432577,0.1813070861523181,-0.4277867192179923,0.5569233258956685,-0.09541744875169089,-0.1094089295250047
-15.479576502210692,-1.1823884673639196,-0.36306757792891453,-1.584193863226675,-1.2166054243160578,-0.3025468289126334,1.3072417191980001,-2.193059457111561,0.33136639181990635,-1.759821810475569,1.7703445824620254,-0.06906092136171399,-0.13647994323195234,-0.7625158111676651,-0.15214685737056688,0.9338948836045255
3.4652564654851954,-21.0130886781795,-5.676351179674212,-0.04634560285346925,1.916886115426876,-5.1044555112839,4.185824581071066,-4.067278246772391,-3.5217929547309867,6.905857098643747,-1.4031571118846222,-2.9208093692959674,-0.7605393858813045,-1.1268215033803823,-1.0952279541706502,-0.35419967525457907
11.942044566430608,3.8189313168495556,-5.314271028706016,-3.593475160745744,-3.737323731050895,1.7633426683791638,-1.1357408898792776,-1.0508353423542305,1.5979657581130535,0.292302622840407,-1.1382171164596853,0.18129338825989066,-0.45263399479547783,0.4359664914900079,-0.09790443020320228,-0.20513376551686413
3.463187533084179,-20.99559668934178,-5.6938074541538395,-0.05768599001901567,1.9144745855394083,-5.076308806625034,4.231283743514942,-4.029821633738381,-3.5223181008717037,6.8944979676800635,-1.3984813673175558,-2.9403993205578454,-0.750191754121363,-1.1898783150707128,-1.1415581714426934,-0.38442395382380057
-2.376706600375256,-4.062741047588581,-1.0963296843228179,-2.919282424893162,4.629866756402999,-1.181011105651962,-1.6302630202955917,1.7274290411099926,2.7443838589895186,-2.22095307169013,-0.6588453380256499,0.3385960742002486,1.0704897455915785,-2.419533979720627,-0.28287720274028316,0.2503012985713209
-2.5984694553150782,3.6438307890609245,0.17344741432233413,0.1303509828807079,7.375206879248385,1.0492846522653325,1.0932369076062791,-1.241662301384892,-1.7730157204686385,-2.5684895171570794,0.29559461160186257,0.5955792502099326,-1.5788935090780034,-0.7195014265550084,2.1889485507097937,-2.641637748315437
12.035180062765312,4.533170989192021,-4.902616982069068,-3.3573727925853136,-3.628923163920319,2.5038324590213183,-1.0604751313412557,-1.393485784467427,1.23186827636016,-0.2526568555466927,-1.7671824356331056,0.16376353583259123,-0.7659423409162371,0.5525115868973707,-0.14949232237635018,-0.40376022276874335
8.624435754565784,-2.101565937097603,5.585100480091629,2.1542739855269395,0.7774611148670605,0.8613232295318096,2.680690974013178,1.4757461753458143,2.9527934335836328,1.3220193840575543,4.164192455255719,-0.22392511330112919,1.7893131125204853,-1.4337807252401475,0.4449826587257867,-2.537374865950256
12.037248995166328,4.515679000354302,-4.88516070758944,-3.346032405419767,-3.6265116340328514,2.4756857543624524,-1.105934293785132,-1.430942397501437,1.232393422500877,-0.24129772458300958,-1.771858180200172,0.18335348709446925,-0.7762899726761787,0.6155683985877012,-0.10316210510430696,-0.37353594419952185
5.378630423265404,-17.85899349934415,-1.8926059434032867,5.065802431414703,1.799541103938819,0.02277700996601717,3.0593486444456346,-1.5397452257200062,-2.9721418842514082,-1.8350171670571362,-2.741972925131197,1.3914155155950239,-1.2271364244176532,-1.8913391554534904,-1.1772687802044628,-0.21992635925484605
6.214978026365426,-15.14049869008791,5.294625427743394,4.561854258214737,2.1780176632759867,3.264787048018059,0.7425083326755382,4.417034186248836,1.5097542687235377,2.1002253142270066,5.110149565595957,-1.1556509152292698,3.2740242846776497,0.9011107457783751,0.05186482747838472,-1.8924670400223707
8.607863085184508,-2.081880072416225,5.5793667544767835,2.136026139012953,0.7478365796305528,0.8520206786050051,2.7106367647808476,1.522178823199904,2.996032707296603,1.309865488020065,4.17744643510628,-0.26309131793245777,1.834855651617854,-1.438937514215148,0.3548092056332116,-2.5020985870968397
-15.463003832829417,-1.2020743320452976,-0.3573338523140688,-1.5659460167126884,-1.1869808890795501,-0.29324427798582886,1.2772959284303305,-2.2394921049656507,0.28812711810693603,-1.7476679144380798,1.757090602611465,-0.029894716730385407,-0.18202248232932106,-0.7573590221926647,-0.061973404277991806,0.8986186047511091
-0.5269753740862704,6.588866590205649,-1.4983807605341246,1.1133096595126222,4.926640136871586,2.567462879848934,1.5182629719571334,0.982741255204747,-1.372287672675836,0.1325360983822177,-0.9481655522696028,-1.5890747649493129,-1.5568816641749692,1.8727619477131965,2.1405646409397177,-1.714731377981112
-0.524906441685254,6.57137460136793,-1.480924486054497,1.1246500466781686,4.929051666759054,2.539316175190068,1.4728038095132572,0.945284642170737,-1.371762526535119,0.14389522934590082,-0.9528412968366692,-1.5694848136874349,-1.5672292959349108,1.935818759403527,2.186894858211761,-1.6845070994118905
6.217046958766442,-15.157990678925628,5.312081702223022,4.573194645380283,2.1804291931634543,3.236640343359193,0.6970491702316619,4.379577573214826,1.5102794148642547,2.1115844451906898,5.10547382102889,-1.1360609639673918,3.263676652917708,0.9641675574687056,0.09819504475042795,-1.8622427614531492
-2.6005383877160946,3.6613227778986435,0.15599113984270652,0.11901059571516148,7.372795349360917,1.0774313569241984,1.1386960700501554,-1.204205688350882,-1.7735408666093555,-2.5798486481207625,0.300270356168929,0.5759892989480546,-1.5685458773180618,-0.7825582382453389,2.1426183334377504,-2.6718620268846585
5.380699355666421,-17.87648548818187,-1.875149668923659,5.077142818580249,1.8019526338262866,-0.005369694692848759,3.0138894820017583,-1.577201838754016,-2.9716167381106913,-1.8236580360934531,-2.7466486696982635,1.4110054668569019,-1.2374840561775948,-1.82828234376316,-1.1309385629324196,-0.18970208068562455
-14.973271794897752,-1.5466491575975247,-0.2639447571489919,1.161833481811446,-6.534333262071322,-2.053685125807975,-0.18537260132442768,-0.5430525730496054,1.6288722708833419,-0.7571444692376085,0.9109753011082384,-1.2658199804012946,-1.6164878413247183,-0.42344897952646754,1.6425542308266172,0.5136156800794645
4.248992781904972,-12.775387389608861,4.296093541955231,5.137091716286079,0.5945918266132195,4.823002037807999,-0.33240658772422105,3.2889843720420906,0.5963306181845436,2.4066557897004897,4.086576065852333,0.26581272689703883,4.4940560033728625,1.8944865650476808,-0.9937436601224933,-1.9979565519556695
6.420828372932039,5.4337808661965035,2.078080387370079,-1.8784785056962503,0.1164301807748509,-1.546224227476789,5.5182484034412855,0.34312591740177556,-2.5754636868783005,2.554325805376815,-0.11154365401889293,7.161621835475895,-2.1507406767070947,-0.289290965780165,2.735649073096434,0.3520644245574036
13.36518492953967,4.235108261042988,0.02088942930508919,2.2940045403186726,-3.434374225080923,0.6255126047509603,-2.4830784378208044,-1.7235776266334168,0.12830471937354915,0.858483426915247,-0.8579115851892682,-0.9367450749113657,-0.4272047753074043,0.05526418532662625,-1.1892697457362325,-0.7762684823843771
8.396671490945769,-1.0805159525142978,7.95487408593107,1.0407036174248538,-1.7841497998586178,5.421592570400534,3.549327733187096,-1.0511617526566877,-0.8306947239742568,-0.19781047950587433,6.549950568351631,-0.12242264045318627,-0.7789802263988292,-2.1099583005364844,-1.4726880705717948,2.3645295550298164
-14.331387173107956,-2.0543126280920463,0.04297984683655409,0.28463291489834674,-7.104978670986505,-2.63198020355885,1.0199849856084229,0.6788768685611428,1.9037312792814722,-1.2396259526424358,0.758863512279206,-1.0528911626575743,-0.18275701554917845,-0.182275276921811,1.3737886635744037,0.7953431307533427
6.422897305333056,5.4162888773587845,2.0955366618497067,-1.8671381185307039,0.11884171066231852,-1.574370932135655,5.472789240997409,0.3056693043677656,-2.5749385407375835,2.565684936340498,-0.11621939858595937,7.181211786737773,-2.1610883084670363,-0.2262341540898345,2.781979290368477,0.3822887031266251
8.344906231558229,4.973595172066702,4.029292703996379,2.388752888918938,-3.4410448300266037,7.257002372423361,-1.9718637310742642,-5.165254560764376,-4.119739343655092,-0.6329870434535706,-0.4602905811920111,-0.5277107527311806,-1.519423594334512,0.4914814265297953,-0.24323670959161192,0.05195996328122199
-2.3787755327762725,-4.045249058750862,-1.1137859588024455,-2.9306228120587083,4.627455226515531,-1.1528644009930962,-1.5848038578517154,1.7648856541440026,2.7438587128488017,-2.232312202653813,-0.6541695934585835,0.3190061229383706,1.08083737735152,-2.4825907914109573,-0.3292074200123264,0.2200770200020994
-1.6326206263216951,-0.3064201238805282,11.746165740463367,-6.622776022896223,0.811149287954982,0.3448913309370498,2.876516830323961,2.5828910201278727,-0.9357587177040134,-0.7075974163275807,-0.8894697491869703,-0.23028493933920202,3.537322733101978,-2.6093771724289194,1.3781713417955195,0.2605946817776239
4.246923849503956,-12.757895400771142,4.278637267475603,5.125751329120533,0.5921802967257519,4.851148742466865,-0.2869474252803448,3.3264409850761005,0.5958054720438266,2.3952966587368065,4.0912518104194,0.24622277563516082,4.504403635132804,1.8314297533573503,-1.0400738773945366,-2.028180830524891
10.1231312584692,3.103724529869707,5.631944627688928,2.93358025533906,-0.3287949808236714,-0.6333192637892702,-1.195258481521023,-2.9962627559183272,-2.1463148997914647,-5.985688093162179,1.3823758683101228,0.9315502801843984,-3.065340048082906,-0.8571687207359826,1.2762984771917658,-0.9272739651594586
-1.620185821742452,-0.2911220108864683,11.716986917118957,-6.627208950713329,0.8359507634165544,0.4104872911815862,2.937489364444044,2.611371598341803,-0.9800482836984177,-0.7181617822174577,-0.8933722399033979,-0.23029863723162947,3.5124754575244923,-2.73033400683458,1.375684360344008,0.16486984578576447
-14.32931824070694,-2.0718046169297653,0.0604361213161817,0.29597330206389316,-7.102567141099037,-2.660126908217716,0.9745258231645466,0.6414202555271329,1.9042564254221892,-1.2282668216787527,0.7541877677121396,-1.0333012113956963,-0.19310464730912003,-0.1192184652314805,1.4201188808464469,0.8255674093225642
10.295830076465453,7.319893574171834,1.6367523787849696,4.22165982542386,-1.0194908925100785,-2.41479897682476,-0.88750569133731,-2.673923521181611,-5.2409149978834355,-1.556102095651361,0.4173205031853211,-0.46007843984262176,1.040409047095613,1.2638594243558647,-0.8061651544487023,1.3603809498000508
8.332471426978985,4.958297059072642,4.058471527340789,2.3931858167360445,-3.465846305488176,7.191406412178825,-2.032836265194347,-5.193735138978306,-4.075449777660688,-0.6224226775636935,-0.45638809047558354,-0.5276970548387532,-1.4945763187570265,0.612438260935456,-0.24074972814010054,0.14768479927308142
8.394602558544753,-1.0630239636765788,7.937417811451442,1.0293632302593072,-1.7865613297460854,5.4497392750594,3.594786895630972,-1.0137051396226777,-0.8312198701149738,-0.20916961046955745,6.554626312918697,-0.14201259171506428,-0.7686325946388877,-2.173015112226815,-1.519018287843838,2.334305276460595
-5.30445980225016,2.720648878994666,-1.1106677063837034,0.11267458998997908,8.288390274637862,1.384076190508372,0.241335393279964,3.318403786157809,0.7175551971425218,4.240816075494485,-0.40913858535014336,-1.7050596590339662,-1.9467234969731675,1.7957496494263903,0.3886653109469904,1.1135799882332762
13.367253861940686,4.2176162722052695,0.0383457037847168,2.305344927484219,-3.431962695193455,0.5973659000920943,-2.5285376002646807,-1.7610342396674268,0.12882986551426612,0.8698425578789302,-0.8625873297563347,-0.9171551236494877,-0.4375524070673459,0.11832099701695675,-1.1429395284641892,-0.7460442038151556
-14.971202862496735,-1.5641411464352437,-0.2464884826693643,1.1731738689769924,-6.5319217321838545,-2.081831830466841,-0.23083176376830394,-0.5805091860836153,1.6293974170240588,-0.7457853382739253,0.906299556541172,-1.2462300291394166,-1.62683547308466,-0.36039216783613703,1.6888844480986605,0.543839958648686
-5.302390869849144,2.703156890156947,-1.0932114319040758,0.1240149771555255,8.29080180452533,1.3559294858495061,0.19587623083608774,3.280947173123799,0.7180803432832388,4.252175206458168,-0.4138143299172098,-1.6854697077720882,-1.957071128733109,1.8588064611167208,0.43499552821903364,1.1438042668024977
-13.609495975421428,-1.0330989875466496,3.6261551792186726,2.4457863816406995,-2.1400936661873833,-1.2144216037735638,2.390523880687258,-2.543891632485642,3.708330322873513,-2.0931580513203514,-0.46305210405282593,-0.5630790484919985,2.2328613342967034,-0.25343478917107687,0.8543909650094823,0.4772199009103426
-14.705046213559822,-1.372465198615366,-1.2906766899043518,0.4707799252224488,-3.576774611470059,-1.3122221772786231,1.822688534431891,-0.8752445569307774,1.8735619633059164,-1.6783916881693528,1.261576835594287,-1.4082814966487835,-1.520094809972802,-0.5107399102107291,0.27587542414731625,1.373325343768304
9.454628073486452,3.9480380305560594,1.9239622459713783,-2.8453032350902507,-1.7742743989336993,6.01462664065781,1.4355930586090597,-4.916310381760271,-2.310508151958089,-5.5171450653164005,1.0018741864260379,-1.2577213304908281,-2.1816514187717235,-0.8666796980514713,-0.4810849916213874,-0.9476762853690893
9.442193268907209,3.9327399175619995,1.9531410693157878,-2.8408703072731445,-1.7990758743952717,5.949030680413274,1.3746205244889769,-4.944790959974201,-2.2662185859636845,-5.506580699426523,1.0057766771424654,-1.2577076325984007,-2.156804143194238,-0.7457228636458106,-0.478598010169876,-0.8519514493772299
6.8388677053557,2.8750811689540576,6.773623173573349,6.761262719606465,-1.8546736868418647,2.0677305654776874,1.3959146350539697,-3.6367498518177004,-6.365991310835557,-2.3018240567653865,1.556336292787828,2.230960025986065,0.0016389020933085252,1.383036923016546,1.741449409970313,-1.1448043957357634
-6.322941621406542,0.8758082869613357,2.634816225365907,0.5567365689528851,-3.944757754522823,-0.4596685230769523,8.091949377260425,-0.2447952140784153,1.5788360848548582,-0.2681938849950775,-0.6173139663039994,0.7493186511062637,-0.4334761086010653,1.8932446696406886,-0.5741956164282656,-1.6157189632815157
-9.843746095227075,1.6710667065442326,1.43691211049594,2.400935416770411,-4.767860429767778,-1.5308885092953202,5.889714833927686,-2.665047376000785,2.316030943978677,-2.6657736295609378,-0.437446285320871,-0.07888311703021023,-1.399626254830948,-0.2324634398517369,0.21701636522053025,-2.465229596868391
0.861749362054165,-11.557482539129406,-2.8042276345056933,-3.1781377937783626,2.82099672201634,-4.332643497207954,2.2368688319005674,1.9109891256505689,1.182324817259488,1.1982204292693361,0.09479690510423106,-0.09945833684275018,-0.29122526451050973,-2.180963495185816,-0.39911762658740546,0.25420642329425003
-6.310506816827299,0.8911063999553956,2.6056374020214976,0.5523036411357789,-3.9199562790612505,-0.3940725628324159,8.152921911380508,-0.21631463586448518,1.534546518860454,-0.2787582508849546,-0.6212164570204269,0.7493049532138363,-0.45832338417855084,1.772287835235028,-0.5766825978797769,-1.711443799273375
-13.629995260205291,0.40403429937799373,-3.140284769867967,2.8932529671376814,-0.12622232879744133,-0.05720306482889903,-2.040378835004072,-0.8327772091024359,-0.9537113381311499,-1.5667909164086313,2.3775111896311163,-0.5081705304826406,0.13154481311849042,-0.7567482734771307,-1.425424759811327,0.11180062358505372
-7.032387391143202,-2.3863878232902698,3.4422858103548926,1.9565007519508888,11.816406557473933,1.5565640692968614,-2.1427037834722604,-4.518619981343414,3.1798276975629527,3.0424367057663058,0.3560599163249205,1.7635376873771533,3.5798446581990806,3.847735106416698,-3.8201634445988035,-0.6974298330351769
9.824139820236944,2.102245673987161,2.4845259175170673,-2.576964369664691,-0.5940569542622294,4.29995342470259,3.8968774372876513,-0.5879247142966193,0.7702442397462548,-0.08856940255101362,4.175200542084936,-0.5717187176850494,-1.2684198023721016,-3.1920341893905952,-1.6764884486033438,2.531531606046957
3.516813188805119,-21.097343241477837,-5.4953858355787695,-0.4744123023987151,2.296591537468869,-5.575691385574431,4.193793216341542,-4.427523896692377,-3.472025028358006,6.5412570283353775,-1.3343764602578552,-3.038440937814966,-1.064643646444746,-1.407296607985911,-0.9994156958512274,-0.39198052165020325
0.8596804296531486,-11.539990550291687,-2.821683908985321,-3.189478180943909,2.8185851921288725,-4.304496792549088,2.2823279943444437,1.9484457386845788,1.181799671118771,1.186861298305653,0.09947264967129749,-0.1190482881046282,-0.28087763275056815,-2.2440203068761466,-0.4454478438594487,0.22398214472502853
-7.034456323544219,-2.368895834452551,3.424829535875265,1.9451603647853424,11.813995027586465,1.5847107739557273,-2.097244621028384,-4.481163368309404,3.1793025514222357,3.0310775748026226,0.36073566089198694,1.7439477361152753,3.590192289959022,3.7846782947263673,-3.8664936618708468,-0.7276541116043984
-10.854729544889523,0.8104716948870578,3.4400118450387014,3.9025418947962667,-6.820113411921848,-2.03816700227177,4.444523157452206,-4.0304466026264265,2.955590451596885,-2.1535802260036694,-0.02387739251584725,1.48916997047905,-0.9095077126842647,0.7787472370889033,1.2079588621676718,-2.037860835072676
-10.852660612488506,0.7929797060493389,3.457468119518329,3.913882281961813,-6.81770188203438,-2.066313706930636,4.39906399500833,-4.0679032156604364,2.956115597737602,-2.1422210950399863,-0.028553137082913682,1.508759921740928,-0.9198553444442062,0.8418040487792338,1.254289079439715,-2.0076365565034546
-5.079966392977009,0.5234786824957354,1.3047646534277542,5.400535891214452,-7.626203903296661,0.09749327186944678,5.057302577109645,0.4621673940473654,-3.663366051812754,1.722366828139117,-0.002034574717382942,1.1467577125941484,-0.18326969915959512,1.2417526604466946,-1.0373882319240955,-2.1734582840350556
-9.856180899806319,1.6557685935501727,1.4660909338403494,2.4053683445875174,-4.79266190522935,-1.5964844695398566,5.828742299807603,-2.6935279542147152,2.3603205099730813,-2.6552092636710607,-0.4335437946044434,-0.07886941913778278,-1.3747789792534624,-0.11150660544607627,0.21950334667204163,-2.3695047608765316
7.920178410882736,-11.458926427292734,3.481032151408619,6.415318065281262,-2.4534307884702904,5.007503712742869,0.0685917216644163,2.8853191919848555,-0.432427313943748,0.8347240290364637,4.692233519610812,-0.2665577384151925,3.2108019610043126,2.1259482257546067,-1.5393213403289967,-1.9157784157516862
6.009876283268867,-5.65005993105876,5.290805518100466,4.53439601274483,1.1873569977861407,9.391579507194786,-1.1460202326077353,1.0496734617666688,0.3272706884713825,4.2837370503612435,3.102180889836177,-0.7244191976733488,2.8625108705651816,2.0630426813974925,-0.04449610383023639,-0.9617890508315659
-2.9361986076884627,-1.8467438188187257,6.385946215280194,-8.455615490471487,0.11371249454191901,2.5470450730261813,-1.947494435182113,1.660003732959396,-0.8536028499278032,-1.9180170985760894,-1.9957896631155676,-0.5708681901750539,3.0285355764507234,-5.209692249692765,0.8670622327208093,-0.17423293506807813
-14.702977281158805,-1.389957187453085,-1.2732204154247242,0.48212031238799524,-3.5743630815825913,-1.340368881937489,1.7772293719880148,-0.9127011699647873,1.8740871094466334,-1.6670325572056697,1.2569010910272205,-1.3886915453869055,-1.5304424417327436,-0.44768309852039856,0.3222056414193595,1.4035496223375254
0.9879682255429436,-7.336627404896452,7.911980713144743,2.173106336778512,-0.3535976324445609,-3.2061944688657995,3.8372733241649337,3.3972509860735585,4.136049300870113,-1.5504592089847975,-0.862301364526778,-0.2595979912006284,2.723102630241664,0.631823669097952,0.2957404143162211,-1.7115097439540345
9.822070887835928,2.11973766282488,2.4670696430374397,-2.5883047568302375,-0.596468484149697,4.328100129361456,3.9423365997315276,-0.5504681012626094,0.7697190936055378,-0.09992853351469674,4.179876286652003,-0.5913086689469275,-1.25807217061216,-3.2550910010809257,-1.722818665875387,2.5013073274777353
-13.621930780000671,-1.0483971005407096,3.655334002563082,2.4502193094578057,-2.1648951416489557,-1.2800175640181002,2.3295513465671753,-2.572372210699572,3.752619888867917,-2.0825936854304743,-0.45914961333639837,-0.5630653505995711,2.257708609874189,-0.13247795476541624,0.8568779464609937,0.572944736902202
3.5188821212061354,-21.114835230315556,-5.477929561099142,-0.4630719152331687,2.2990030673563364,-5.603838090233297,4.148334053897666,-4.464980509726387,-3.471499882217289,6.552616159299061,-1.3390522048249216,-3.018850986553088,-1.0749912782046875,-1.3442397962955805,-0.9530854785791841,-0.36175624308098175
6.840936637756716,2.8575891801163387,6.791079448052977,6.772603106772012,-1.852262156954397,2.0395838608188215,1.3504554726100935,-3.6742064648517103,-6.36546616469484,-2.2904649258017034,1.5516605482207615,2.250549977247943,-0.008708729666633053,1.4460937347068765,1.7877796272423563,-1.114580117166542
-5.082035325378025,0.5409706713334543,1.2873083789481266,5.389195504048906,-7.6286154331841285,0.1256399765283127,5.102761739553522,0.49962400708137533,-3.663891197953471,1.7110076971754338,0.002641169849683489,1.1271677613322704,-0.17292206739965355,1.1786958487563641,-1.0837184491961387,-2.203682562604277
4.339942669350214,-4.309610210012183,8.49741792367928,0.18515434659681063,3.3414615562567977,3.30931545311147,4.036147450538512,-0.42516702918282334,1.5334193353768946,0.7337867576529962,5.928696634265235,2.2490272799566244,1.6259715883536017,-1.9296005556717777,1.0182961930676047,0.6200368286815359
-13.627926327804275,0.38654231054027477,-3.1228284953883394,2.904593354303228,-0.12381079890997371,-0.08534976948776496,-2.0858379974479484,-0.8702338221364458,-0.953186191990433,-1.5554317854449482,2.37283544506405,-0.4885805792207626,0.12119718135854884,-0.6936914617868002,-1.3790945425392838,0.1420249021542752
4.3420116017512305,-4.327102198849902,8.514874198158907,0.19649473376235704,3.3438730861442654,3.281168748452604,3.9906882880946357,-0.4626236422168333,1.5339444815176115,0.7451458886166793,5.924020889698169,2.2686172312185025,1.61562395659366,-1.8665437439814472,1.0646264103396479,0.6502611072507574
0.99003715794396,-7.354119393734171,7.929436987624371,2.1844467239440584,-0.35118610255709326,-3.2343411735246654,3.7918141617210575,3.3597943730395485,4.13657444701083,-1.5391000780211144,-0.8669771090938444,-0.24000803993875036,2.7127549984817225,0.6948804807882825,0.34207063158826434,-1.681285465384813
6.011945215669884,-5.6675519198964786,5.308261792580094,4.545736399910377,1.1897685276736083,9.36343280253592,-1.1914793950516116,1.0122168487326588,0.3277958346120995,4.295096181324927,3.0975051452691105,-0.7048292464114708,2.85216323880524,2.126099493087823,0.0018341134418068394,-0.9315647722623444
7.918109478481719,-11.441434438455016,3.4635758769289913,6.403977678115716,-2.455842318357758,5.035650417401735,0.11405088410829256,2.9227758050188655,-0.432952460084465,0.8233648980727806,4.6969092641778785,-0.2861476896770705,3.221149592764254,2.0628914140642762,-1.58565155760104,-1.9460026943209077
-2.938267540089479,-1.8292518299810068,6.368489940800567,-8.466955877637034,0.11130096465445138,2.5751917776850473,-1.9020352727382368,1.697460345993406,-0.8541279960685202,-1.9293762295397725,-1.9911139185485012,-0.5904581414369319,3.038883208210665,-5.272749061383095,0.8207320154487661,-0.20445721363729963
12.751090648479293,3.4417688882708646,3.052379720351083,5.699738880409756,-2.4969575939304836,1.5365506038382968,-4.127454498391908,-1.9128402356161498,0.11926214030651039,-1.8623796368773993,-2.1441198464766846,-0.6909858083226412,-0.05737525427854029,0.8077477312560903,-0.5398027811341647,-0.7274289308022703
12.73865584390005,3.4264707752768047,3.0815585436954924,5.704171808226862,-2.521759069392056,1.4709546435937604,-4.188427032511991,-1.94132081383008,0.16355170630091465,-1.8518152709875222,-2.140217355760257,-0.6909721104302138,-0.03252797870105473,0.928704565661751,-0.5373157996826533,-0.6317040948104108
-4.427696740646635,-2.1706449279774285,6.252573359510778,-2.4684020133211235,3.2171516999770935,2.136483407699555,6.3834679172431255,-3.2374233287908716,1.9654746400246923,-4.494064421722846,2.3624142110434443,0.6086771035921279,1.4324852342495535,-1.6398787105888974,-1.525084494860297,-3.340673537308606
3.436968159709731,-0.6888183968572754,4.4133145620194,-0.5842994202411141,9.525117058862367,-0.9497632661450901,3.580935068698862,2.783957546454964,0.5433539002257035,-0.45849549361066005,2.40740756750989,-0.614355817813591,4.289115181819905,-0.3243036473618828,-1.8155048598407206,-1.165685619201629
-12.533353131674758,2.131086460048687,-4.22852707761945,2.3007567001901217,0.22053680815185484,-0.6813013127086138,-2.7933131972322887,1.4225441943999266,-1.6444140586147742,-1.619210170848195,1.7675392638540766,0.2607074857372803,0.17543968160207168,-0.8938367209493654,-0.013928918407006163,0.5315255552897156
11.465292438068177,0.013586626215538189,-1.387847622502497,0.7001308250445156,-0.09789963259814582,-5.234822769201487,-2.8065415987637237,2.1435297194424034,4.7346205093354214,0.7072978997168325,0.30884348085005003,0.6794190407434915,-1.904138610645774,-2.475789201488716,0.7177874273333371,-1.4078965366520215
11.46322350566716,0.031078615053257153,-1.405303896982124,0.6887904378789692,-0.10031116248561345,-5.206676064542621,-2.7610824363198474,2.1809863324764134,4.7340953631947045,0.6959387687531494,0.31351922541711646,0.6598290894816135,-1.8937909788858325,-2.5388460131790467,0.6714572100612939,-1.438120815221243
3.4390370921107474,-0.7063103856949944,4.430770836499027,-0.5729590330755677,9.527528588749835,-0.977909970803956,3.5354759062549856,2.746500933420954,0.5438790463664205,-0.4471363626469769,2.4027318229428234,-0.594765866551713,4.278767550059963,-0.26124683567155227,-1.7691746425686774,-1.1354613406324074
-4.425627808245618,-2.1881369168151474,6.270029633990406,-2.457061626155577,3.219563229864561,2.108336703040689,6.338008754799249,-3.2748799418248815,1.9659997861654093,-4.482705290759163,2.357738466476378,0.6282670548540059,1.422137602489612,-1.576821898898567,-1.4787542775882538,-3.3104492587393843
-12.535422064075775,2.148578448886406,-4.245983352099078,2.2894163130245753,0.2181252782643872,-0.6531546080497479,-2.7478540347884124,1.4600008074339366,-1.6449392047554912,-1.630569301811878,1.772215008421143,0.2411175344754023,0.18578731336201326,-0.9568935326396959,-0.06025913567904939,0.5013012767204941
-1.8292765509889368,-2.707930820108456,12.631833082412493,-8.304071530152916,-2.3441361468532715,1.1678227899990499,-1.2780410431226854,2.0792643942399973,-1.8729654633448845,-1.3436010058537062,-0.5803932297948794,-0.7654330067781677,2.023301227057608,-4.188971149172456,0.4453414968068721,-0.7116722793653216
4.565456770135574,-9.209622506511122,4.644561066900346,11.186648120596754,3.0499726487417274,0.7104438937827511,-0.677257924371836,1.8443596635663155,-1.8271424719764537,-0.16127910929972278,-0.06811394116641328,-2.311686604998342,4.009593391420661,5.108667553690615,-0.6168194681098512,-1.0983617701954662
12.54206893913201,4.816130099210309,-0.044135085319479295,1.8824580460470246,-3.3159604416211685,1.8231661933611814,-2.705216509439604,-1.4757754471406113,0.9992901778864027,0.8852063405553628,-1.3545163072657265,-0.836167574526002,-0.4565660331218948,0.280582594990765,-1.2785376129614525,-0.33625426410153403
-6.210602603472539,2.7796573259237007,-0.6164441642504528,0.5187196463624293,8.561118128944237,2.450362990832793,-0.4999708335072479,2.3095277657226685,0.498018786833752,3.3346391948061127,-0.5531871002243502,-1.2140220045710868,-2.0963752105940006,1.263788274698884,0.7393462783986691,0.738788487044028
11.86801978192061,5.839835542923865,0.6636437705800451,3.11454681069843,-3.992193221126525,3.4006794984003017,-3.1321927605016886,-1.990968269119052,0.20316600749328728,1.7668215411154482,-2.3913639213830242,-1.5036616607022983,0.01554655426401208,1.2737477288108279,-1.4525605709304008,0.08082116002067918
9.606684845478064,4.428276428094501,0.45476487943451316,-4.4636418981038615,0.048359573837451375,0.4221521122428147,2.3160983872325307,-1.127505388676453,0.6109782310870466,-3.9889175327987942,0.07750983170413933,-0.20427068220207237,-2.545282719516963,-2.2791101861520735,-0.1959060144326606,-1.1145592132615225
12.29046883118958,5.279422242466282,-0.02950642170111939,1.9466811304593816,-4.021708917917452,4.003232260452709,-2.8775012775115623,-2.5725394780125823,0.18049385188873046,1.3583454965681165,-2.1563929627920597,-1.3254105570541999,-0.7154295314896879,0.983874785257723,-1.1997379731414786,-0.21348134741671998
8.412261584256848,2.219826064852704,4.537811504694362,-0.21554691025372755,-0.09384567804131771,8.642124981625088,3.594669125765689,-3.4659855093735583,-1.154969729620844,-0.7609070498415319,5.152941370567215,-0.9989142563825713,-1.4692444308632726,-3.738938975572448,-1.8639793160897833,3.1543753360442874
5.542345654595989,-4.477671270384905,-11.745060407317217,-8.171017781437058,-1.096275119174881,1.1907762951231193,1.0317656969700097,0.024759819396738436,-1.0734432041731141,-3.1753912313407833,1.3810350284462132,1.0997608283648834,2.5061963292300096,1.2721157767424702,1.563067802953464,0.605752557495957
7.103753201823906,-16.4018032340728,4.875298324419708,5.992061070453528,1.1803375272979437,1.7899146848739962,0.5795519288613646,3.848616781882342,1.579929915188048,2.6938315119358385,4.8093421812460395,-0.6527674966549115,2.458005928214729,1.2766168232325357,0.23344373565346366,-2.313520732352124
11.922793602466665,5.426367444691271,0.5332884408524472,3.0683199901563416,-3.5698884038091574,2.8983378368070323,-2.9174783450337025,-1.6713126146084543,0.5962420001504958,2.0227532938355175,-1.949225520346535,-1.7049800672013058,0.16505632072791065,1.0669551811092086,-1.4469832069143878,0.07759521773295552
9.144428358480138,-1.2193046529809894,7.523324904085261,5.0556321016950765,1.9009869542435198,1.5239440753158018,1.2001791850238002,-0.2985286408584704,2.27887614650309,-0.4262283058790238,3.671408493863332,-0.4446956532186376,0.10549739462128516,-1.1599208116573703,2.0886218132178396,-1.8430255194841285
-1.2982274538982543,-5.591552863658663,16.34128381276716,-13.518135420183448,-2.14034421751248,-2.5231791339434215,-4.019613122524296,0.6820766692685165,-2.9295849804666227,-1.4081606075017574,0.20699319237048297,-0.7344452536011633,-2.604301415092616,3.331493538243635,-1.4984363898009831,-0.6701402137782225
-10.965897932456215,1.418452606506948,-0.059901420419572915,2.159749510063315,-4.020858873226617,1.2364563819488508,4.939694285192907,-2.0829751250359285,1.5107419654162548,0.44199966664447604,-0.7832212447857081,0.565389785495403,0.3370280354859574,0.24925909942349378,1.1007975739857323,-0.9600536195826577
12.292537763590596,5.261930253628563,-0.01205014722149178,1.958021517624928,-4.019297388029984,3.975085555793843,-2.9229604399554385,-2.6099960910465922,0.18101899802944743,1.3697046275317997,-2.161068707359126,-1.3058206057923218,-0.7257771632496295,1.0469315969480535,-1.1534077558694353,-0.18325706884749848
13.485605641247934,3.0586094414326084,-1.0459990026646695,1.707345960601716,-2.319817055477653,-0.6284012962905297,-2.508274212536556,-1.556181124691519,1.6512464595457228,0.6448707373821662,-0.38824926673627214,-0.7283611485141283,-0.5797871713745126,-0.2692438168046989,-0.7834404264100578,-1.1327173562664536
6.277951405014708,-4.208610152406715,3.8828482851762414,-0.6768983548265612,2.279618117976876,1.6869814653871122,3.9344682430509987,2.293494813152268,2.050923883074682,-0.20695388422865726,3.601094209502265,1.8881777469586578,0.8722934112579037,-4.475865146915316,-0.4937178691118677,1.3177827942833256
-0.4982036798627816,2.6493623017461463,0.44831347190153625,0.8667173075516117,10.50974312778175,1.0578447911687912,3.0155012430935892,1.6174942512760886,1.2264732468505466,-0.04245275643677393,-2.810158194446384,-1.8984646074700078,-1.2940227622889022,0.8305988734889875,2.322310159429687,-1.5429282258095496
11.924862534867682,5.408875455853552,0.5507447153320748,3.079660377321888,-3.5674768739216898,2.8701911321481663,-2.962937507477579,-1.7087692276424642,0.5967671462912127,2.0341124247992006,-1.9539012649136014,-1.6853901159394278,0.15470868896796908,1.1300119927995391,-1.4006529896423445,0.10781949630217702
-0.5002726122637979,2.6668542905838653,0.43085719742190864,0.8553769203860653,10.507331597894282,1.085991495827657,3.0609604055374655,1.6549508643100985,1.2259481007098296,-0.05381188740045706,-2.8054824498793174,-1.9180545587318858,-1.2836751305289607,0.767542061798657,2.275979942157644,-1.573152504378771
5.374905512233226,-4.706740668238622,-11.819244934713222,-8.30939751503568,-1.36086575128552,1.251233976663407,1.1189239367736592,0.018502698573998444,-1.2162345931127856,-2.7626841203390144,1.475022501416409,1.2322951772728377,2.444032563790221,1.4494375734986797,1.530618680140905,0.7524143061237882
-1.8313454833899532,-2.690438831270737,12.614376807932866,-8.315411917318462,-2.346547676740739,1.1959694946579158,-1.2325818806788091,2.1167210072740072,-1.8734906094856014,-1.3549601368173894,-0.575717485227813,-0.7850229580400457,2.0336488588175494,-4.252027960862787,0.39901127953482884,-0.7418965579345431
-10.963829000055199,1.400960617669229,-0.042445145939945306,2.1710898972288613,-4.018447343339149,1.2083096772899848,4.894235122749031,-2.1204317380699385,1.5112671115569718,0.4533587976081592,-0.7878969893527745,0.584979736757281,0.3266804037260158,0.3123159111138243,1.1471277912577755,-0.9298293410134362
6.589995589327077,-11.848867062170715,0.3788779340784334,6.628494646601132,0.1523497099348221,6.129047853091057,-1.074199941826841,-2.2059791382756258,-3.5337540916793437,-0.5905094331260745,-0.3876540710464734,1.3955987797982778,-0.6069165084797639,-0.65829327375255,-1.1827628315091174,-2.873584052187183
-4.262060900530015,-1.6270443237716758,6.206537393792029,-2.5093881041098753,3.646323291236918,2.090808138144997,6.204147385581646,-3.182687334305689,1.949534495548118,-4.445706297568469,1.870520012396791,0.7977886499071196,1.5727628493845063,-1.6528020298706823,-1.3252439269035008,-3.29152831405585
6.246197588774109,-3.699074016570247,-11.393128733378704,-7.754761929966891,-0.47846683931089296,0.643168931526672,0.8348811895593351,0.159962569889756,-0.8978143749045051,-3.4950651758968654,1.1059047305873784,0.8096640939863269,1.888566256278482,0.9057190385860285,1.6863974670761852,0.2351380579434308
-3.0891535469292153,-1.8944125164891918,6.071001173313506,-8.095492365460817,0.26665719685256395,2.732681540596915,-1.9386174615694038,1.7777689042435139,-0.6756280696598829,-2.212300464282177,-2.141563527290302,-0.49362130609021604,2.7178995958985204,-5.523107084808155,0.9889501076759182,-0.3961619115561825
11.919365490660086,5.508595681657241,0.20144327952574725,2.8636393412850127,-3.8741713025178,3.494124773108304,-2.983833421184982,-1.9557575688541506,0.5013310303534695,1.7891260937072722,-2.2326842241582536,-1.5788543730147637,-0.205116777014417,1.1648392631604851,-1.4025720164509639,-0.2468141666326783
4.117230593546905,-20.00762818494514,-6.226631229641656,-0.3384613365419802,1.9030765532843223,-6.079366411765962,4.094941223088659,-4.335546652978526,-3.2835888969437064,6.052768389056913,-1.6775208960642798,-2.7618425598690832,-1.3230941549754882,-1.203145609349976,-0.6167634546820234,-0.2008250714017874
-15.51357821045385,0.9123020645071538,2.2368549217553086,3.727694029173872,-7.495760646346378,-0.5306041374362988,-1.6073119405024108,-4.5824932712083,-0.06219450038110441,-0.8314053020892413,0.3213634403468571,0.41286448075472115,0.9240743919528125,-1.296085448438153,2.9760173781985855,-0.9139114971755686
6.577560784747834,-11.864165175164775,0.40805675742284286,6.632927574418238,0.1275482344732497,6.063451892846521,-1.135172475946924,-2.234459716489556,-3.4894645256849395,-0.5799450672361974,-0.38375158033004586,1.3956124776907053,-0.5820692329022783,-0.5373364393468893,-1.180275850057606,-2.7778592161953237
-0.691469481858193,6.419455256819603,0.8840525924869185,3.6250485359770237,1.7389693931251649,0.6425402710125458,-0.6767064601156854,2.620987408314564,-1.1999808670919725,2.848395494566046,-2.1266262918365797,0.4285965385678018,4.0177955794499045,1.045702316427798,-3.338406428124811,-0.1636593451281957
11.431924292730626,0.08679953756109704,-1.3759173145241492,0.5840260533150526,-0.3457190722957728,-5.34512823869221,-2.79196122738583,2.347326769906209,4.836075636537798,0.9032398803292553,0.5695224543435371,0.516814849035902,-1.449108927519001,-2.5048759552672974,0.4399951691653847,-1.0131622113286276
-12.33783236790405,0.5165612048221178,1.6565963185409371,-0.4296308959581096,-3.097497760472843,-2.2304905402827355,3.936035933797566,-0.6071679874332219,1.9225617597425284,-1.8080455903369952,-0.08342909274050642,-0.03872928574741835,1.5924164947623431,-1.029936166808385,-0.09509179545447399,0.29723290579336226
-5.253203650222298,-2.8707657014662153,5.254918905869223,-1.9868087296147947,-2.4901438456611076,1.508499283258308,-3.523598594312107,4.092771488553703,1.000523181250542,0.5841052675809387,-0.6369816793361105,-2.0775189296824745,-0.9918970931525887,-3.3893678112595094,1.613179561258564,0.8170468115778227
7.314285190576826,-3.378411495342944,9.020567405299373,3.939878601425499,-0.08005028176563744,3.561387628367232,2.9089762423217014,-0.20759866565711071,0.4636440814568541,-3.2862534897247477,6.225508459355902,-0.19740237408337147,-0.4921431448367663,-2.337210373024109,-0.4641425504364608,2.0634477974787044
-12.016470071961695,2.372352778476584,-4.094837408911,1.7960734744288915,0.7596854170620229,-1.1219735589023323,-2.6270722581259824,1.6762093720526732,-0.9419466055253807,-0.605731726917039,2.1920673031017612,0.18790463822721082,0.5680040640750594,-0.44343139810944887,-0.42967808806970187,0.8051600923298956
-14.660526443640387,1.564156237358496,0.4345739198844427,3.186251142184966,-1.797735666397078,-2.169002650210636,-1.5075818981060127,-1.3716190180797154,2.7798583332760636,1.1027070085651918,-0.2598129853339747,1.1387117303374839,1.6506630163905585,0.3895932417904655,-0.1084701943419284,1.6287304009710395
-9.45021245450578,3.0351175615015613,-2.755732475982022,-2.418362768575192,1.4634364950180574,0.10994828015319147,0.71952644664246,2.262338497545109,-0.326503184049864,-2.0995685477436137,2.223153981554296,1.3412405802236145,-2.4427825588333185,-2.7252231171073005,-1.1898906708993526,-0.8227720850769948
-13.473346942956594,-0.989212169358888,5.347512001981409,-6.1289997730848516,-2.90689279528312,-1.5368942806713697,-1.911766307709774,-0.9877099907459685,0.9820531790190241,-1.68456972257975,-0.8534077708939307,-1.3533672475729557,0.755735190254325,-1.7485880442153006,0.34775768321850764,0.8217950173328206
-4.435307453925207,2.3891340728909594,3.1224973151093955,-1.7214921349662973,-1.788978879355054,0.4577433055256406,8.648447371013303,0.6088568313864098,-1.0188305858077502,-3.5153457504481507,0.4604733851372582,0.643536669640036,1.3569752533604038,-2.0900032131507267,-2.2475341278957233,-2.318063077321428
7.761518600714836,-8.927402978117794,2.554109597827718,0.4145033675590964,0.3420789075942001,5.959033968950759,0.8138877991199038,3.3530985859356655,1.289904197042758,4.252941535639366,5.434200147505545,0.016832563798627243,2.5720005791365375,-0.19423778342080134,-1.4133833932366695,-0.2174720614390282
11.446970169612896,0.04585880635910744,-1.1816007594544535,0.6639121041775675,-0.17407977507774808,-5.332783413275267,-2.8221073209682435,2.3377477694242863,4.825964881719001,0.7262798463582896,0.6077977087116158,0.6005054590274279,-1.5718557275862535,-2.5797882205792906,0.46946148567718093,-1.184191606605585
7.3958278488595806,5.789050069163903,5.882204868183338,0.7017533004869783,-0.3829138318225749,-1.0159442891930488,4.419575630967156,-0.39015247701013855,-3.0686175426815474,4.6939165836450725,0.2999821622702651,7.798774403788997,-2.147712800071828,1.4697572355869752,2.7010656635307297,1.3078459701240748
-13.471278010555578,-1.006704158196607,5.3649682764610365,-6.117659385919305,-2.904481265395652,-1.5650409853302356,-1.9572254701536502,-1.0251666037799785,0.9825783251597411,-1.673210591616067,-0.8580835154609971,-1.3337772963110777,0.7453875584943834,-1.68553123252497,0.39408790049055087,0.8520192959020421
-4.92396112797458,-3.1669683694138455,5.469386100877109,-1.8715714056969543,-1.660490489619128,1.5684557675917024,-3.058099296682238,4.748176521260291,0.8582491054928765,2.1704085316097634,-0.18750847858663933,-1.968959372372854,-0.9255689803362801,-3.4250611922829437,1.486703247198903,0.992006271629637
-15.73036424469826,-3.700964240310618,0.1996550541561879,0.5467605971627727,-4.929775698802503,-1.2187455640627762,0.6515621644585909,-0.607737778138473,2.489002559208928,-0.9107402056640476,1.2118014007310742,0.1737736158870894,-1.016231873408862,-0.15913955894093723,0.7239787881432933,0.10065515357482946
6.6651952870669104,-13.109142707236511,7.089644267113423,6.603999174457487,0.054568131324127744,4.77091013992879,-0.9800386807428809,5.213199711808301,2.4748540121778175,2.3574412493265715,6.207137724988361,-0.778525717168271,2.7298039879064646,2.582586834940204,0.9748722170728907,-1.795289809728031
10.903061629341801,5.723925919883646,4.258441031065079,6.206100207071289,4.136161266742249,-4.716060528776708,-0.7875951251014865,-4.3098346625419275,-4.095282111875246,-4.135877024419088,1.5110403701870843,-2.796776061999247,0.300906617938834,0.4851940752754338,0.9203480759097722,-0.32641147113385116
11.449039102013913,0.028366817521388477,-1.164144484974826,0.6752524913431139,-0.17166824519028046,-5.360930117934133,-2.8675664834121197,2.3002911563902764,4.826490027859718,0.7376389773219727,0.6031219641445493,0.6200954102893059,-1.582203359346195,-2.51673140888896,0.5157917029492242,-1.1539673280363636
12.926730522024481,3.2233749565027043,2.9418324740422195,5.637852576995549,-2.2824223180080425,1.2215966614220588,-3.820599999623303,-1.5759353121395412,0.3823930687972048,-1.4594375833105941,-1.6157305888953934,-0.9362047330813472,0.1520673638400889,0.5555197940615377,-0.5225597308363858,-0.5415239991537021
-11.167719384603313,2.4103207592188394,-3.9590831179150934,-1.142692778968591,5.8051845978252485,1.0985467174721957,-2.8495642526349476,-0.38983390974790133,-0.453575537788093,0.21497523054071732,2.555365644365412,1.532260250787741,-2.1610268478025167,-1.6230518842176576,-2.569313022841103,-1.9777951162132168
-10.892277106625357,3.7479224676319163,-2.807330127297525,5.770780792997,-6.986985724988337,2.0849528107701802,-3.470831104741099,0.2969976577160871,-6.7655668622161835,1.1637410468073222,-0.17782332563568393,0.34748987455243896,1.8595002298207914,-2.3230038464584757,2.0116819925029734,-3.154546265746975
0.19547849019659336,5.267412283935718,-0.42736640072519094,0.9933172060539885,6.29560435551202,0.7663099229680888,-0.5056019801108986,2.3642192880234507,-1.1532987861770838,2.4160748913490515,-2.169734063602248,-3.0682868822831884,0.9083869335049386,0.016069705250944644,-0.41777167190204767,0.06670673086933987
12.081565637579926,3.992951972512426,-5.006879370397194,-3.2478513386319694,-3.5746891444753928,1.6608703743366866,-1.1923893948574107,-1.0275035645071267,1.6686400129573213,0.21403975107925555,-1.302916119282914,0.17042643466167096,-0.41873786052493084,0.3191445407172049,-0.14615981507325354,-0.1975253173146314
-3.8881565985839543,3.9346640746184995,-3.868558169565053,-2.758390009167029,8.871902101658454,2.618536311620903,1.029015557323869,1.7503090780334647,0.7753642259550411,-0.7433600274614379,-1.3494767773979532,-2.9950434710778926,-1.8585874032320162,1.0055449851086529,2.1095901874602783,-0.23295429746195362
-3.8902255309849707,3.9521560634562185,-3.8860144440446804,-2.7697303963325752,8.869490571770987,2.646683016279769,1.0744747197677453,1.7877656910674746,0.7748390798143241,-0.754719158425121,-1.3448010328308868,-3.0146334223397706,-1.8482397714720746,0.9424881734183224,2.063259970188235,-0.2631785760311751
12.928799454425498,3.2058829676649854,2.959288748521847,5.649192964161095,-2.280010788120575,1.1934499567631929,-3.866059162067179,-1.6133919251735511,0.3829182149379218,-1.448078452346911,-1.6204063334624599,-0.9166147818194692,0.14171973208014732,0.6185766057518682,-0.4762295135643427,-0.5112997205844806
0.1975474225976097,5.249920295097999,-0.40991012624556333,1.004657593219535,6.298015885399487,0.7381632183092228,-0.5510611425547749,2.326762674989441,-1.1527736400363668,2.4274340223127346,-2.1744098081693144,-3.0486969310213103,0.898039301744997,0.07912651694127515,-0.37144145463000444,0.09693100943856137
-2.7636649771168607,4.169514303006322,0.6380223151765403,1.758620840715376,8.948258926954864,4.110928066464185,2.4215228572598626,-0.2844025618091308,0.40485321879575853,1.3973329708733435,-1.9014576599939266,-1.3557833134303934,-1.5087920445252494,1.8177483316689302,2.865882922381211,-2.66791617973219
7.763587533115852,-8.944894966955513,2.5715658723073456,0.4258437547246428,0.34449043748166774,5.9308872642918935,0.7684286366760276,3.3156419729016555,1.290429343183475,4.264300666603049,5.429524402938479,0.036422515060505256,2.561652947376596,-0.13118097173047083,-1.3670531759646263,-0.1872477828698067
-4.43323852152419,2.3716420840532404,3.139953589589023,-1.7101517478007509,-1.7865673494675864,0.42959660086677465,8.602988208569426,0.5714002183523998,-1.0183054396670332,-3.5039866194844675,0.4557976405701918,0.663126620901914,1.3466276216004622,-2.026946401460396,-2.20120391062368,-2.2878387987522064
-4.921892195573563,-3.1844603582515645,5.486842375356737,-1.860231018531408,-1.6580789597316603,1.5403090629328364,-3.103558459126114,4.710719908226281,0.8587742516335934,2.1817676625734466,-0.19218422315370576,-1.949369421110976,-0.9359166120962217,-3.362004380592613,1.5330334644709462,1.0222305501988584
-1.1885111176950054,2.2026453920621147,5.018902005685613,-0.6488764041919063,-4.838312591600242,-0.9371218349998859,11.181325180092099,1.059137384403022,0.9734858491255141,-2.8181717025801722,-1.7118172696975404,0.761543940341503,2.256802189609922,-0.4508184162264959,-2.6118879105064,-4.132200535852406
7.007574764263727,-15.762781620589552,4.753360717162422,4.8320605826654415,0.6806628379713806,0.5000091790537966,-0.017360765649808485,4.76378235065687,1.9427455267965996,3.442325097522839,4.766819697052817,-1.7241031936095808,0.980437590252921,1.5458878406487129,0.6859785523882898,-1.8159582486917767
0.9901341023783703,-18.58403572564202,1.14194993406906,9.609498510107189,1.3337100720931336,4.049736718775798,-2.0922873564092512,1.1140747691647306,-0.23346516633099412,-6.197669764453864,-5.132026172308283,3.234747789367894,-2.05712875208651,-0.46108294631909796,-0.7616093127148312,1.1905202334322658
-12.295899145710958,0.5444710779764552,0.9605672623016177,0.8949089353850885,-6.349005609495363,-0.18824433107475036,4.228374025028933,-0.5196221352425567,1.7116922119832356,-0.7312343364146004,-0.5803375047164797,-1.8802284835554524,-3.2783868441236184,0.6411524800682726,1.049015080503655,-0.19048039638099967
-12.604123778434165,0.2782489687184011,-4.017823511064526,-0.8674968072347709,3.895391954341508,0.6732996278082064,-0.8953485744244682,-0.7405698159840979,0.4780237117271966,-1.787462142576838,0.8987814491767974,0.5001534254099193,0.1931863966396945,-1.6449174870432888,-1.9217464300107152,1.1944688475983023
6.385410409028537,-3.741128666034699,5.445381046370116,2.0262159822086168,3.9215998197678292,6.058388452686476,2.9953739776809263,-0.8139242844523009,0.3215744131740488,-1.6177843471639934,4.319727669677927,0.8457512027595944,0.8296348825913666,-3.7376896049006616,0.08678711454601201,1.2149287757327198
9.380846827589442,5.53527619129844,4.236377787204606,2.5554103050460957,-3.099243070386394,6.165618071459305,-2.193215837499882,-4.918267011792774,-4.0076081482419,-0.4336984449687273,-0.58532160033594,-0.5376002838792497,-0.4705243084518947,0.6035481886475731,-0.25191799608597065,-0.05332061262010157
-15.237873357131859,1.5365760759435325,-0.00963068800437128,2.983816328998141,-2.6450741645812994,-2.0244006399282752,-0.9025790770546385,-1.2637600843719206,2.1832037880502098,0.6683399947566647,-0.49605083029859964,0.8095416566223568,1.063745201937238,-0.10092667559509927,0.4422680390327127,1.8684077218598376
-1.5612385448031847,3.000694678580361,3.0825767617227853,-0.38253808498888453,7.364273955993459,0.5602437600604002,4.137195523819968,3.8910036751333106,1.0530114188682953,2.1053512873546687,-2.3855638135971726,-0.8460259234892458,2.4153631121385404,-0.6281922246890366,-0.05873692553611676,3.217065860018515
-4.844429457123285,-0.3445712552071942,4.775288638708386,-3.858892119050174,2.134007243225551,4.479530925515914,-2.6967703625446644,2.343137596224956,0.11827833436221624,-1.1121868446584235,-3.145676267578271,-0.7410441447536491,2.5055306935331627,-5.144801881380086,1.5657419778116048,0.5758430566585118
-16.587517567729194,-0.9854391849847399,1.355777970985795,2.1392833452404405,-3.4056975856212213,-0.9976453518170545,-1.1090821754991036,-6.032691660901597,4.224431434734051,-1.1625117611876334,1.2437072706378574,0.11017317482463135,2.1295338483258526,0.67597031003061,1.9443545007935361,0.8740418576950173
8.987399950836682,4.024268996902002,4.068483880399836,5.2604818329457945,4.212427212632633,-8.413950347987452,0.6306852264290552,-0.4623251497991001,-1.7344083826448733,-3.5420241865014206,1.2255427957578626,-0.11822557243746978,1.931612131421633,-0.14997449861306045,0.00019079939906763155,1.033377246251555
-10.254099836636737,2.1209564061849733,-6.4779981919163205,2.2223262374088795,-2.0190766049621347,-1.890759641292707,-3.648907539940701,5.692719594250972,-4.191660498949005,0.9207351165784228,0.8940990365819543,-1.4335578047803406,-1.6427756072794442,0.6757426787961553,-0.11357341726093206,1.6613336411095303
-12.591688973854922,0.293547081712461,-4.047002334408935,-0.8719297350518771,3.9201934298030805,0.7388955880527428,-0.8343760403043854,-0.7120892377701677,0.43373414573279234,-1.798026508466715,0.8948789584603698,0.5001397275174918,0.16833912106220894,-1.7658743214489494,-1.9242334114622266,1.0987440116064429
-13.692660932445428,-2.6112794701267292,-0.06905581730916666,3.106938441525633,-6.996134028804214,-1.1220865719239352,3.1627983709546044,-1.5042018003372384,1.7378239194513787,-1.0568158667588616,1.0162873290382544,-1.1920702242144845,-0.21864793456665216,0.33200549489868303,1.4625389810955018,1.3551928995976645
-4.8423605247222685,-0.3620632440449132,4.792744913188014,-3.8475517318846277,2.1364187731130184,4.451384220857048,-2.7422295249885407,2.305680983190946,0.11880348050293321,-1.1008277136947404,-3.1503520121453374,-0.7214541934917711,2.495183061773221,-5.081745069689756,1.612072195083648,0.6060673352277333
-2.884691712981186,2.948463323856666,-2.112770302507644,-0.5207016224671233,8.561831586193872,2.9751556750827817,2.77142629258677,2.3643704053926395,-0.3830448995832496,0.9360387812550102,-1.9816019583352569,-2.2499614623167763,-2.865918419626999,1.9226558704983687,2.5911270763189824,-1.76099616582962
7.746765880387048,-1.8289677684003092,6.892234044622941,3.215825470594288,1.3066419427395801,-0.050682084919151826,2.5143140563088195,2.956678115497791,3.3970903194357547,0.18306593255170628,3.8398405214604248,0.12671901914917988,1.1767714054814435,-2.262212287037615,0.4049729134486326,-1.806599564570867
-4.984770469517417,-1.5613197084806458,11.713502036069569,-8.713408383897491,1.3698873810516767,1.935532667096595,-4.406903121068893,0.2664913505295008,-0.09044982513084499,1.009529147958187,-3.050212682048661,-0.2323588325352664,3.768780626610617,-4.811755604452248,1.9240881540295707,0.2782367552668692
-12.827420414873902,0.7960431908801837,-2.774803774734403,-0.3491245501602336,7.274353213090668,-0.2328337345464484,-3.5123268199291564,-5.196711305040496,2.3732931336752694,1.5753690731014167,0.7368279668532411,2.8881539985670965,1.7271425201766566,2.391447468412365,-3.391087695404619,-0.8578267653970123
5.228723461615443,-4.506712272005524,-12.114229724922797,-8.467283202337676,-1.3700299350437897,1.1045653964327338,0.9929374969803884,0.18251931019656453,-1.2062820038012365,-2.4788158792495985,1.7371427182600943,1.1597850577188988,2.3359024649530995,1.54577125416706,1.4463232184090884,0.7613094141413594
-4.259991968128999,-1.6445363126093948,6.223993668271657,-2.498047716944329,3.6487348211243855,2.0626614334861313,6.158688223137769,-3.220143947339699,1.950059641688835,-4.434347166604786,1.8658442678297247,0.8173786011689976,1.5624152176245647,-1.5897452181803517,-1.2789137096314576,-3.2613040354866283
-4.253938734527432,-0.07144081381768608,4.658373691963844,-4.222879663718786,1.6488852429569905,4.350320022090962,-2.6361203911290083,2.20754133758221,-0.2882092703053365,-0.7441831206543954,-3.198450489734155,-0.8672040402066626,2.601006892465264,-5.099758964120964,1.9583993575428988,0.43905641674847495
3.3744237345905814,-20.69141839659013,-6.343512066065179,-0.8788043036020918,1.7573129525902358,-4.911787556984619,4.344292060358216,-4.441855392180326,-3.4926964325643928,6.671614291135057,-1.1456076185257258,-2.6066047195354796,-0.5438620190468773,-1.570245912430745,-1.1346247243990204,-0.28495198737490934
-14.662595376041404,1.581648226196215,0.4171176454048151,3.1749107550194196,-1.8001471962845457,-2.14085594555177,-1.4621227356621365,-1.3341624050457055,2.7793331871353466,1.0913478776015086,-0.25513724076690825,1.1191217790756058,1.6610106481505,0.326536430100135,-0.15480041161397162,1.598506122401818
-0.890941150642987,2.935114878253682,0.06510481106632904,0.8867180233880851,10.007466435370004,1.1829951557393237,2.7860818441399466,2.0415192073467647,1.1094984653280875,0.36580952078012086,-2.682132453848209,-1.856958704059328,-1.2230005644395465,0.8783841170466653,2.201243767703786,-1.1389160548342743
-4.256007666928449,-0.053948824979967114,4.640917417484216,-4.234220050884333,1.6464737130695228,4.378466726749828,-2.590661228685132,2.24499795061622,-0.28873441644605347,-0.7555422516180785,-3.1937747451670884,-0.8867939914685407,2.6113545242252054,-5.1628157758112945,1.9120691402708556,0.40883213817925346
-0.8930100830440033,2.9526068670914007,0.04764853658670143,0.8753776362225387,10.005054905482536,1.2111418603981896,2.831541006583823,2.0789758203807747,1.1089733191873705,0.3544503898164377,-2.6774567092811425,-1.876548655321206,-1.212652932679605,0.8153273053563348,2.154913550431743,-1.1691403334034958
9.532775513631837,5.72169071037942,6.116445551987415,0.2532037377262061,-1.809765584242721,2.004179882982924,1.0727282304502763,-1.9010369817140838,-0.5093722187255372,1.3539745562965835,0.9631031456535735,0.4706847081560801,0.01165814700784551,-0.780644226029894,-1.2895517865205832,0.2924020185181182
5.656043347217892,-15.250635032736515,-2.6259791015023657,2.142331886324265,3.1749459287476274,-0.11179168296639497,1.6398991801547824,-0.23343608688753203,-1.7498383215905693,0.9762712128356266,-2.039800460408202,-0.46229837192716416,-1.5130121081588368,-1.9803520008735251,-1.5725617308988151,-1.3856889800845738
2.5708734697540105,-13.639039515651731,7.3417412841668845,7.9942106632083725,0.7934144466007531,6.420377852606367,1.3617975106269036,3.294850209922094,0.9615238426376234,1.9094022669171602,4.717292401796128,0.7610899327471412,4.2981549505881915,1.6886931141922918,0.6319356385827746,-2.4966434840628384
9.1208408051322,-1.1521474384799264,7.3584764339863,4.959657817206934,2.0244808398292364,1.641598634663124,1.2179006004923112,-0.03707382800492631,2.45219003877407,0.08740153339382789,3.5140801869374556,-0.9487308480899832,0.40932167987399204,-0.9433889252509395,1.8964174937095644,-1.607103420831752
9.118771872731184,-1.1346554496422074,7.341020159506672,4.948317430041388,2.022069309941769,1.6697453393219899,1.2633597629361875,0.000382785029083621,2.451664892633353,0.07604240243014476,3.518755931504522,-0.9683207993518612,0.4196693116339336,-1.00644573694127,1.8500872764375211,-1.6373276994009736
-10.725032572709624,3.663749640709458,-2.297271880111907,1.7447738302843723,1.0853217614345896,1.1111554118494817,-2.015871257390857,-1.42043967159095,-0.7540558186324358,2.7296721311400427,-0.3475887032165925,1.148953009872018,3.2722815109494334,2.285459116462002,-1.523267271601215,-0.4216927573693745
-12.802064636075084,-0.7985071096832392,0.8065661955577412,0.6258526362339301,-6.248102886261298,-1.9456350859057567,2.723448177585235,0.7999106866906889,2.238993595042592,0.21344618141937333,0.7725717417357671,-2.31340065682136,-1.6125108464921198,0.9031555611636715,0.7047075112214859,2.259329766766064
-1.6009224837280593,0.7631154302285124,1.5288472852756494,0.4508433541823269,7.961330306294091,-0.6501297928038308,3.2304432275677026,1.4380175613629902,0.3833804189228731,-0.5677105410521444,0.07214128959131952,0.3952029949800504,0.8583609982036626,-0.007574858662723116,0.9437282899301986,-0.40873842880126354
-2.163155182091929,5.739880884767453,-3.1055683646524335,1.5713762389466075,-0.2183011963512087,-1.0110014468377335,0.39200333607797067,5.245481103936857,-1.5723015470590491,1.2584431446810638,-1.3505231020740494,-0.1689366986799028,2.8408859429598143,1.5441027551748125,-3.901318001889832,1.5660929929292857
11.502199427764587,-0.18652873906527478,-1.3710692376149614,0.5846993843709558,-0.3341119377044861,-5.452565082630372,-2.6383245655981398,2.4414651761042485,4.760014783787684,0.8120726888892495,0.5625989799825649,0.5617690309465593,-1.5265442109718845,-2.587077202437686,0.5338951604740405,-1.1189905050676214
-15.131627566036627,-0.5034082787637422,-3.2983179977383648,2.3900358281707828,0.4089531805624851,0.18174809038388862,-1.8939711614117298,-0.9138864678316772,-0.3942056210442457,-1.6681125644074197,1.5281530097709162,-0.9468323106997536,-0.18662541966395052,-0.881046650982249,-1.1277428976174644,1.7800296405867049
-2.390465605626493,-0.32930072450144277,6.536914813702055,-8.969872202077855,-1.7320234738732876,2.8659037782471515,-0.30419567626202637,0.7676729231367316,-1.781703445060129,-2.175941729688083,0.5423183548784575,-0.7758627746630501,-0.18859611973767515,-4.141104023642911,-0.5108277198436573,0.537895463522466
1.1210638968071895,-0.682734864577915,8.333593811364384,2.9656793613685464,1.0547867135534261,0.10831989960803634,7.999716667927871,-3.8959505436596222,1.828916351600772,-4.161379660389178,3.2545632367508257,2.217509494001739,1.6616335761784629,-1.3499478601238026,-1.3543257350146254,-2.9860285123977635
12.02255106018917,3.6980864058486898,-5.120511531878321,-3.313908384846137,-3.6491426404235785,1.488314378860096,-1.0860300400398886,-0.9653803489297976,1.6531299865144602,0.3256116257768368,-1.2624582149727743,0.21629770815846655,-0.37154369055042824,0.396110112355863,-0.08412707331216185,-0.05444115986424858
-4.117535762251589,-2.742650307004741,9.627566402296726,-10.881070203380638,-0.26877197947401,1.6417103317876842,-4.094923422210632,0.09194062988918894,-0.9173297340557998,-0.48859598277088423,-2.060934076282015,0.16802643836029518,3.218810928366496,-4.311326645275195,0.8765728555173271,-0.45667226029303465
-3.689989297711348,3.8793146943695085,-3.620956400278435,-2.6905494232938767,9.250169539623833,2.6331550230490555,1.2981885114273322,1.5252269572126123,0.8707375053199868,-1.047915095156523,-1.5966549476276726,-3.122048861802784,-1.9099035731162317,0.9645170392886899,2.121201657711421,-0.3707648535175152
12.544137871533026,4.79863811037259,-0.026678810839851685,1.893798433212571,-3.313548911733701,1.7950194887023154,-2.75067567188348,-1.5132320601746212,0.9998153240271197,0.896565471519046,-1.359192051832793,-0.816577623264124,-0.4669136648818364,0.3436394066810955,-1.2322073956894093,-0.30602998553231253
13.483536708846918,3.0761014302703273,-1.063455277144297,1.6960055734361696,-2.322228585365121,-0.6002545916316637,-2.4628150500926798,-1.518724511657509,1.6507213134050058,0.633511606418483,-0.3835735221692057,-0.7479510997760063,-0.569439539614571,-0.3323006284950294,-0.8297706436821011,-1.1629416348356751
9.60875377787908,4.410784439256782,0.47222115391414077,-4.452301510938315,0.050771103724919,0.39400540758394875,2.2706392247886535,-1.164962001710463,0.6115033772277636,-3.977558401835111,0.0728340871370729,-0.18468073094019435,-2.5556303512769047,-2.216053374461743,-0.14957579716061736,-1.084334934692301
9.142359426079121,-1.2018126641432705,7.505868629605633,5.04429171452953,1.8985754243560522,1.5520907799746677,1.2456383474676764,-0.2610720278244605,2.278351000362373,-0.43758743684270696,3.6760842384303984,-0.4642856044805156,0.11584502638122673,-1.2229776233477008,2.0422915959457963,-1.87324979805335
6.280020337415724,-4.226102141244434,3.900304559655869,-0.6655579676610148,2.2820296478643436,1.6588347607282463,3.8890090806071225,2.256038200118258,2.051449029215399,-0.19559475326497414,3.5964184649351987,1.9077676982205358,0.8619457794979621,-4.412808335224986,-0.4473876518398245,1.348007072852547
-6.208533671071523,2.7621653370859818,-0.5989878897708252,0.5300600335279757,8.563529658831705,2.422216286173927,-0.5454299959511242,2.2720711526886586,0.498543932974469,3.345998325769796,-0.5578628447914167,-1.1944320533092088,-2.106722842353942,1.3268450863892145,0.7856764956707123,0.7690127656132495
5.544414586997005,-4.495163259222624,-11.72760413283759,-8.159677394271512,-1.0938635892874133,1.1626295904642534,0.9863065345261335,-0.012696793637271497,-1.0729180580323971,-3.1640321003771,1.3763592838791467,1.1193507796267614,2.495848697470068,1.3351725884328007,1.6093980202255072,0.6359768360651785
4.563387837734558,-9.192130517673403,4.6271047924207185,11.175307733431207,3.0475611188542597,0.738590598441617,-0.6317987619279597,1.8818162766003255,-1.8276676181171707,-0.1726382402634059,-0.06343819659934685,-2.33127655626022,4.0199410231806025,5.045610742000284,-0.6631496853818944,-1.1285860487646877
7.105822134224923,-16.41929522291052,4.8927545988993355,6.003401457619074,1.1827490571854113,1.7617679802151303,0.5340927664174884,3.811160168848332,1.580455061328765,2.7051906428995216,4.804666436678973,-0.6331775453930335,2.4476582964547875,1.3396736349228662,0.2797739529255069,-2.2832964537829024
7.31221625817581,-3.360919506505225,9.003111130819745,3.9285382142599525,-0.08246181165310507,3.589534333026098,2.9544354047655776,-0.17014205262310078,0.4631189353161371,-3.297612620688431,6.230184203922969,-0.21699232534524948,-0.4817955130768247,-2.4002671847144397,-0.510472767708504,2.033223518909483
-0.6894005494571767,6.401963267981884,0.9015088669665461,3.63638892314257,1.7413809230126325,0.6143935663536799,-0.7221656225595616,2.583530795280554,-1.1994557209512555,2.859754625529729,-2.131302036403646,0.4481864898296798,4.007447947689963,1.1087591281181286,-3.292076210852768,-0.1334350665589742
-12.014401139560679,2.354860789638865,-4.077381134431373,1.807413861594438,0.7620969469494905,-1.1501202635611982,-2.6725314205698587,1.6387527590186632,-0.9414214593846637,-0.5943725959533559,2.187391558534695,0.20749458948908883,0.5576564323151179,-0.38037458641911837,-0.38334787079765864,0.8353843708991171
-15.515647142854867,0.9297940533448728,2.219398647275681,3.7163536420083254,-7.498172176233846,-0.5024574327774328,-1.5618527780585345,-4.54503665817429,-0.06271964652182138,-0.8427644330529245,0.32603918491392353,0.39327452949284314,0.9344220237127541,-1.3591422601284835,2.9296871609265422,-0.9441357757447901
-12.339901300305065,0.5340531936598367,1.6391400440613095,-0.440971283123656,-3.0999092903603107,-2.2023438356238696,3.981495096241442,-0.5697113743992119,1.9220366136018114,-1.8194047213006783,-0.07875334817343999,-0.058319237009296365,1.6027641265222847,-1.0929929784987156,-0.14142201272651722,0.26700862722414076
4.115161661145889,-19.99013619610742,-6.244087504121284,-0.3498017237075266,1.9006650233968547,-6.051219707107096,4.140400385532535,-4.298090039944516,-3.2841140430844233,6.04140925809323,-1.6728451514972134,-2.7814325111309612,-1.3127465232155466,-1.2662024210403064,-0.6630936719540667,-0.2310493499710089
-3.087084614528199,-1.9119045053269108,6.088457447793133,-8.08415197829527,0.26906872674003157,2.704534835938049,-1.98407662401328,1.740312291209504,-0.6751029235191659,-2.200941333318494,-2.1462392718573686,-0.474031354828338,2.707551964138579,-5.460050273117824,1.0352803249479614,-0.365937632986961
-5.251134717821282,-2.8882576903039343,5.272375180348851,-1.9754683424492483,-2.48773231577364,1.480352578599442,-3.569057756755983,4.055314875519693,1.001048327391259,0.5954643985446219,-0.6416574239031769,-2.0579289784205965,-1.0022447249125301,-3.326310999569179,1.6595097785306072,0.8472710901470442
-15.728295312297243,-3.718456229148337,0.2171113286358155,0.5581009843283191,-4.927364168915036,-1.2468922687216422,0.6061030020147147,-0.6451943911724829,2.489527705349645,-0.8993810747003644,1.2071256561640078,0.1933635671489674,-1.0265795051688036,-0.09608274725060673,0.7703090054153365,0.13087943214405096
-13.694729864846444,-2.5937874812890103,-0.08651209178879427,3.0955980543600865,-6.998545558691681,-1.0939398672650693,3.2082575333984806,-1.4667451873032284,1.7372987733106617,-1.0681749977225448,1.0209630736053208,-1.2116601754763625,-0.20830030280671058,0.2689486832083525,1.4162087638234586,1.324968621028443
6.387479341429553,-3.758620654872418,5.462837320849744,2.037556369374163,3.924011349655297,6.03024174802761,2.94991481523705,-0.8513808974863109,0.32209955931476575,-1.6064252162003103,4.31505192511086,0.8653411540214724,0.8192872508314251,-3.674632793210331,0.13311733181805524,1.2451530543019413
9.393281632168685,5.5505743042925,4.207198963860196,2.5509773772289894,-3.0744415949248216,6.231214031703842,-2.132243303379799,-4.889786433578844,-4.051897714236304,-0.44426281085860436,-0.5892240910523676,-0.5376139817716772,-0.49537158402938025,0.48259135424191246,-0.25440497753748204,-0.149045448611961
7.02000956884297,-15.747483507595492,4.724181893818012,4.827627654848335,0.705464313432953,0.565605139298333,0.04361176847027437,4.7922629288708,1.8984559608021954,3.431760731632962,4.76291720633639,-1.7241168915020082,0.9555903146754354,1.4249310062430522,0.6834915709367784,-1.9116830846836361
-2.8867606453822026,2.965955312694385,-2.1302265769872717,-0.5320420096326697,8.559420056306404,3.0033023797416476,2.816885455030646,2.4018270184266495,-0.3835700457239666,0.924679650291327,-1.9769262137681904,-2.2695514135786543,-2.8555707878670575,1.8595990588080382,2.544796859046939,-1.7912204443988415
9.520340709052594,5.70639259738536,6.145624375331824,0.2576366655433123,-1.8345670597042933,1.9385839227383874,1.0117556963301935,-1.9295175599280139,-0.4650826527311329,1.3645389221864606,0.967005636370001,0.47069840604850754,0.03650542258533107,-0.6596873916242334,-1.2870648050690718,0.38812685450997764
5.23079239401646,-4.524204260843243,-12.09677345044317,-8.45594281517213,-1.367618405156322,1.0764186917738678,0.9474783345365121,0.1450626971625546,-1.2057568576605195,-2.4674567482859153,1.7324669736930278,1.1793750089807769,2.325554833193158,1.6088280658573906,1.4926534356811316,0.7915336927105809
7.748834812788064,-1.8464597572380281,6.909690319102569,3.2271658577598346,1.3090534726270477,-0.07882878957801775,2.4688548938649433,2.919221502463781,3.3976154655764716,0.1944250635153894,3.8351647768933583,0.1463089704110579,1.166423773721502,-2.1991554753472844,0.45130313072067585,-1.7763752860016455
-1.6029914161290757,0.7806074190662313,1.5113910107960218,0.4395029670167805,7.958918776406623,-0.6219830881449648,3.275902390011579,1.4754741743970001,0.38285527278215614,-0.5790696720158275,0.07681703415838595,0.3756130437181724,0.8687086299636042,-0.07063167035305362,0.8973980726581554,-0.43896270737048504
2.5584386651747675,-13.654337628645791,7.370920107511294,7.998643591025479,0.7686129711391807,6.354781892361831,1.3008249765068216,3.266369631708164,1.0058134086320276,1.9199666328070373,4.721194892512556,0.7611036306395687,4.323002226165677,1.8096499485979525,0.634422620034286,-2.400918648070979
-10.722963640308608,3.646257651871739,-2.2798156056322796,1.7561142174499187,1.0877332913220572,1.0830087071906158,-2.061330419834733,-1.457896284624959,-0.7535306724917188,2.741031262103726,-0.35226444778365895,1.168542961133896,3.261933879189492,2.3485159281523327,-1.4769370543291718,-0.391468478800153
5.672616016599168,-15.270320897417893,-2.62024537588752,2.1605797328382517,3.204570463984135,-0.10248913203959042,1.6099533893871127,-0.27986873474162177,-1.7930775953035396,0.9884251088731157,-2.0530544402587623,-0.4231321672958356,-1.5585546472562055,-1.9751952118985248,-1.48238827780624,-1.42096525893799
-15.133696498437644,-0.4859162899260232,-3.3157742722179924,2.3786954410052363,0.40654165067501746,0.20989479504275455,-1.8485119989678536,-0.8764298547976672,-0.3947307671849627,-1.6794716953711029,1.5328287543379826,-0.9664222619616316,-0.17627778790400894,-0.9441034626725795,-1.1740731148895076,1.7498053620174834
-2.3780308010472497,-0.31400261150738284,6.507735990357646,-8.974305129894962,-1.7072219984117152,2.931499738491688,-0.24322314214194352,0.7961535013506609,-1.8259930110545333,-2.1865060955779603,0.5384158641620299,-0.7758764725554775,-0.2134433953151607,-4.262060858048572,-0.5133147012951687,0.44217062753060654
-4.115466829850573,-2.76014229584246,9.645022676776353,-10.869729816215091,-0.26636044958654237,1.6135636271288183,-4.140382584654509,0.05448401685517901,-0.9168045879150828,-0.4772368518072011,-2.0656098208490814,0.1876163896221732,3.2084632966065545,-4.248269833584865,0.9229030727893703,-0.42644798172381315
1.1086290922279467,-0.6980329775719758,8.362772634708797,2.9701122891856526,1.0299852380918542,0.04272393936349994,7.938744133807788,-3.924431121873551,1.8732059175951763,-4.150815294499301,3.258465727467255,2.217523191894166,1.6864808517559489,-1.2289910257181411,-1.3518387535631144,-2.890303676405904
